source,target,weight,author_channel_id,video_id,author_name
author::UC-HeUTT6_g-VoiWds2a4H-w,video::6W4u8sGEnGM,1,UC-HeUTT6_g-VoiWds2a4H-w,6W4u8sGEnGM,@JorgeMunoz-gd9et
author::UC-Iul5tDYH_oiAMXQH-KaaQ,video::6W4u8sGEnGM,1,UC-Iul5tDYH_oiAMXQH-KaaQ,6W4u8sGEnGM,@AlbertoMancilla-p9h
author::UC-QOpE7GOxlXcHZ8b7HbQKA,video::OkXlHx0hx-8,2,UC-QOpE7GOxlXcHZ8b7HbQKA,OkXlHx0hx-8,@mariaalexander427
author::UC-fiZBS5Gp1eCJd9ucgWnCg,video::j43HgwYFKfk,1,UC-fiZBS5Gp1eCJd9ucgWnCg,j43HgwYFKfk,@Tommii.10
author::UC-hfX8J5JPJ-dfuakzegMLA,video::n8iP75gIpmw,1,UC-hfX8J5JPJ-dfuakzegMLA,n8iP75gIpmw,@normaleticiaorozcojuarez2418
author::UC-jS_kA9w-OmpupXDx156Rg,video::n8iP75gIpmw,1,UC-jS_kA9w-OmpupXDx156Rg,n8iP75gIpmw,@simoncreyesc7579
author::UC-pNP6RMFuLg_-x7Ah_0kEA,video::n8iP75gIpmw,1,UC-pNP6RMFuLg_-x7Ah_0kEA,n8iP75gIpmw,@almacatalan2717
author::UC094EFEmMSdwVa8NQjjYBXg,video::b_Hkrkl3adA,1,UC094EFEmMSdwVa8NQjjYBXg,b_Hkrkl3adA,@CelestinoQuej-j7k
author::UC0HvfEWozTHbwl_iEmJNvVA,video::6W4u8sGEnGM,1,UC0HvfEWozTHbwl_iEmJNvVA,6W4u8sGEnGM,@OttoPalencia-b7r
author::UC0RpuMwkDKJYqgKHtsJRuWQ,video::lj983NWyAQY,1,UC0RpuMwkDKJYqgKHtsJRuWQ,lj983NWyAQY,@sabinamarinaguerra3248
author::UC0aEyakBPqcBkVJiErfSupQ,video::lj983NWyAQY,1,UC0aEyakBPqcBkVJiErfSupQ,lj983NWyAQY,@jhonymanuel9891
author::UC14qlobYKqD-DO0j6b75lcA,video::6W4u8sGEnGM,1,UC14qlobYKqD-DO0j6b75lcA,6W4u8sGEnGM,@megavision4488
author::UC1DpqK6vaPEkBOMNvypsKYg,video::j43HgwYFKfk,1,UC1DpqK6vaPEkBOMNvypsKYg,j43HgwYFKfk,@HectorCarranza-u4j4o
author::UC1NiEdJ7gk6FlDexIalWnGg,video::6W4u8sGEnGM,1,UC1NiEdJ7gk6FlDexIalWnGg,6W4u8sGEnGM,@BorisTebalán
author::UC1WlJfQmaIskYhP4gmWoamw,video::OkXlHx0hx-8,1,UC1WlJfQmaIskYhP4gmWoamw,OkXlHx0hx-8,@marthareiss5434
author::UC1Y7x3h0c95Z8kUhi-Tzaeg,video::PjmxCj-a9Hg,1,UC1Y7x3h0c95Z8kUhi-Tzaeg,PjmxCj-a9Hg,@rosadiaz9235
author::UC1vr9aaMI2crB0NvwFHUeoQ,video::n8iP75gIpmw,1,UC1vr9aaMI2crB0NvwFHUeoQ,n8iP75gIpmw,@JoseSimilox-p6e
author::UC2Y_EHWQKevubk4vOEBBFxw,video::n8iP75gIpmw,1,UC2Y_EHWQKevubk4vOEBBFxw,n8iP75gIpmw,@alfonsomorales2653
author::UC2ngpd8UBQu4gcUYy0goAtg,video::06mFNPU0aB8,1,UC2ngpd8UBQu4gcUYy0goAtg,06mFNPU0aB8,@juliohernandez7438
author::UC2weSE8rpqkGMOp6StYtVfg,video::n8iP75gIpmw,1,UC2weSE8rpqkGMOp6StYtVfg,n8iP75gIpmw,@katerynsantiago2907
author::UC32oozucwCF3q8d4m8fyOUg,video::j43HgwYFKfk,1,UC32oozucwCF3q8d4m8fyOUg,j43HgwYFKfk,@RauldejesusOlivagonzalez
author::UC3E9mAgP7VoAE5mZoAexl5g,video::n8iP75gIpmw,1,UC3E9mAgP7VoAE5mZoAexl5g,n8iP75gIpmw,@EnnioAroche
author::UC3MYTqpQqlWBuCB7Th0e0PA,video::n8iP75gIpmw,1,UC3MYTqpQqlWBuCB7Th0e0PA,n8iP75gIpmw,@isaaclopez7220
author::UC3NMzdMYryaw82kPTnsaljg,video::n8iP75gIpmw,1,UC3NMzdMYryaw82kPTnsaljg,n8iP75gIpmw,@marisosa7832
author::UC3UVO7pTbeYvZ3ILEyRDskQ,video::j43HgwYFKfk,1,UC3UVO7pTbeYvZ3ILEyRDskQ,j43HgwYFKfk,@rosaelenaargueta79
author::UC3XTwHxygNCgjndsg-UiCQA,video::n8iP75gIpmw,3,UC3XTwHxygNCgjndsg-UiCQA,n8iP75gIpmw,@marioajset4283
author::UC3YpzAr7pcdKC7BVFEpYzog,video::6W4u8sGEnGM,1,UC3YpzAr7pcdKC7BVFEpYzog,6W4u8sGEnGM,@carmenfigueroa1232
author::UC3iIU62XKUOWuqL8BqBzj9A,video::b_Hkrkl3adA,1,UC3iIU62XKUOWuqL8BqBzj9A,b_Hkrkl3adA,@antonioduarte2288
author::UC3qn1yJA5PeW9rkGPatQxiw,video::n8iP75gIpmw,1,UC3qn1yJA5PeW9rkGPatQxiw,n8iP75gIpmw,@VICTOREST19
author::UC4Avya4kmR4Q0FrfFdBozSQ,video::j43HgwYFKfk,1,UC4Avya4kmR4Q0FrfFdBozSQ,j43HgwYFKfk,@davidlima1348
author::UC4cXueR2bKGFJV0Fk76gwmA,video::n8iP75gIpmw,1,UC4cXueR2bKGFJV0Fk76gwmA,n8iP75gIpmw,@aluxdel4792
author::UC4kg7zuTfqQKLd2bkZrSYBA,video::is3Mk5oC19g,1,UC4kg7zuTfqQKLd2bkZrSYBA,is3Mk5oC19g,@zoilagarcia9019
author::UC4wq3DcbfaG6dtCqn8Oyu3w,video::n8iP75gIpmw,1,UC4wq3DcbfaG6dtCqn8Oyu3w,n8iP75gIpmw,@hugoasencio7764
author::UC5H8ASmMC9WrURmzeB4ySog,video::n8iP75gIpmw,5,UC5H8ASmMC9WrURmzeB4ySog,n8iP75gIpmw,@ManuelEdran
author::UC5PrBbmUlQolwqmiru7yZhw,video::b_Hkrkl3adA,1,UC5PrBbmUlQolwqmiru7yZhw,b_Hkrkl3adA,@lazarochavez8269
author::UC5PyGvSfFM--OVKmQ3COu6g,video::lj983NWyAQY,1,UC5PyGvSfFM--OVKmQ3COu6g,lj983NWyAQY,@FreddyGmez
author::UC5bG9nc_JV3FsNP2KseQiYw,video::n8iP75gIpmw,1,UC5bG9nc_JV3FsNP2KseQiYw,n8iP75gIpmw,@giovannirodas4836
author::UC5fvhAfm89JH8eDFdvc0xYw,video::lj983NWyAQY,1,UC5fvhAfm89JH8eDFdvc0xYw,lj983NWyAQY,@isaidiaz2388
author::UC5hvEnRUzI4Kfvwnyi4QxqQ,video::j43HgwYFKfk,1,UC5hvEnRUzI4Kfvwnyi4QxqQ,j43HgwYFKfk,@leonelsantizo5281
author::UC5wuDq3U3vRAhOQI3D7gNdw,video::ndAZjHqzzT8,1,UC5wuDq3U3vRAhOQI3D7gNdw,ndAZjHqzzT8,@allanreneramirezgonzalez534
author::UC63tFvbQ_hJhGDi2nbjssjw,video::6W4u8sGEnGM,1,UC63tFvbQ_hJhGDi2nbjssjw,6W4u8sGEnGM,@AbigailRodas-w2r
author::UC650pRT-OYzny3GwOH8Cgfw,video::n8iP75gIpmw,1,UC650pRT-OYzny3GwOH8Cgfw,n8iP75gIpmw,@edvinparedesherrera7632
author::UC6PvO1_k5lHKGdAPo5_C6TA,video::n8iP75gIpmw,1,UC6PvO1_k5lHKGdAPo5_C6TA,n8iP75gIpmw,@johnmejia992
author::UC6Uj1FT5JjDSF8vudvDxPAA,video::j43HgwYFKfk,1,UC6Uj1FT5JjDSF8vudvDxPAA,j43HgwYFKfk,@alfredoortega9264
author::UC6YSZqL0vEcI-niPKIMUGfw,video::n8iP75gIpmw,1,UC6YSZqL0vEcI-niPKIMUGfw,n8iP75gIpmw,@maxwellsales885
author::UC6xI_MOaxajIWpoP8BH6E_Q,video::s0eco-BofOs,1,UC6xI_MOaxajIWpoP8BH6E_Q,s0eco-BofOs,@jahirdiaz5862
author::UC72gBAtyb_VXQlYDcFrh6oQ,video::n8iP75gIpmw,3,UC72gBAtyb_VXQlYDcFrh6oQ,n8iP75gIpmw,@osmanmorales3012
author::UC7IMsCxfZyWN7YQo8-JYa6Q,video::PjmxCj-a9Hg,2,UC7IMsCxfZyWN7YQo8-JYa6Q,PjmxCj-a9Hg,@Burgos68
author::UC7VUuJr9cGh845CmTvf7TlQ,video::n8iP75gIpmw,1,UC7VUuJr9cGh845CmTvf7TlQ,n8iP75gIpmw,@LuisCastillo-oz4df
author::UC7dadZG7kkGYnsNu6td0FbA,video::j43HgwYFKfk,1,UC7dadZG7kkGYnsNu6td0FbA,j43HgwYFKfk,@lesolorzano
author::UC816IGbFCZinfYS1LRDaaHg,video::j43HgwYFKfk,1,UC816IGbFCZinfYS1LRDaaHg,j43HgwYFKfk,@ingenieroar
author::UC8F2V63KZ4ZEay6opX2hAQw,video::n8iP75gIpmw,1,UC8F2V63KZ4ZEay6opX2hAQw,n8iP75gIpmw,@carmenr6311
author::UC8G5cJONY8L9voMyBW8Eoug,video::n8iP75gIpmw,1,UC8G5cJONY8L9voMyBW8Eoug,n8iP75gIpmw,@luisparedes-pw6qt
author::UC8r11yOugM2NuRfitQOxLLg,video::n8iP75gIpmw,1,UC8r11yOugM2NuRfitQOxLLg,n8iP75gIpmw,@cesaraugustomoralesmonroy6907
author::UC8xlJWNHz1V_W6q3fbuQH8g,video::PjmxCj-a9Hg,1,UC8xlJWNHz1V_W6q3fbuQH8g,PjmxCj-a9Hg,@NormaLópez-v7e
author::UC95PSMouTx2N5CbSq0hIyrQ,video::j43HgwYFKfk,1,UC95PSMouTx2N5CbSq0hIyrQ,j43HgwYFKfk,@lisss1908
author::UC9Wp6vL5oCU37qC3Aj94WZA,video::b_Hkrkl3adA,1,UC9Wp6vL5oCU37qC3Aj94WZA,b_Hkrkl3adA,@ManuelSanchez-b8q2z
author::UC9vMq1YF-e7C-VO0SHkbUTA,video::n8iP75gIpmw,4,UC9vMq1YF-e7C-VO0SHkbUTA,n8iP75gIpmw,@ErvinLeonardoCarreraLatín
author::UC9xr9QvIcDvoZNUX5f-jaZw,video::n8iP75gIpmw,1,UC9xr9QvIcDvoZNUX5f-jaZw,n8iP75gIpmw,@MariaaliciaColonmorales
author::UCA93ym2TXs_Ibyxb4Vcn-6Q,video::n8iP75gIpmw,1,UCA93ym2TXs_Ibyxb4Vcn-6Q,n8iP75gIpmw,@oswaldosolis8728
author::UCAKuKvcbfnBD3kF5njNu-IA,video::j43HgwYFKfk,1,UCAKuKvcbfnBD3kF5njNu-IA,j43HgwYFKfk,@melvinlopez7096
author::UCAV7QIjYhbDJaycQycM_0eQ,video::PjmxCj-a9Hg,1,UCAV7QIjYhbDJaycQycM_0eQ,PjmxCj-a9Hg,@mariavail8998
author::UCAlzM_N6xBlMYmM8EBzX86Q,video::n8iP75gIpmw,1,UCAlzM_N6xBlMYmM8EBzX86Q,n8iP75gIpmw,@carlossoto3252
author::UCAmtbUiIrUIhikru0ZoTFig,video::n8iP75gIpmw,1,UCAmtbUiIrUIhikru0ZoTFig,n8iP75gIpmw,@Aura-vf6dm
author::UCAxvOOHQk7dYPOajzFEVtbA,video::06mFNPU0aB8,2,UCAxvOOHQk7dYPOajzFEVtbA,06mFNPU0aB8,@ruddydepaz322
author::UCB5p8a5gklc80jJItP6xTHg,video::n8iP75gIpmw,1,UCB5p8a5gklc80jJItP6xTHg,n8iP75gIpmw,@ernestogamboa8737
author::UCBlm80VQ4YoV3bUJR_XhkaQ,video::OkXlHx0hx-8,2,UCBlm80VQ4YoV3bUJR_XhkaQ,OkXlHx0hx-8,@rosadiaz6945
author::UCBtB5dIyx-C16UN8ClUD2UA,video::is3Mk5oC19g,1,UCBtB5dIyx-C16UN8ClUD2UA,is3Mk5oC19g,@alexmonzon4257
author::UCCBYcToQ2dwkd6TJh0FSyDg,video::j43HgwYFKfk,1,UCCBYcToQ2dwkd6TJh0FSyDg,j43HgwYFKfk,@lidiarodriguez3493
author::UCCUmP4PlbwgikVFpYwbtRTg,video::yLZS3JiEBg8,1,UCCUmP4PlbwgikVFpYwbtRTg,yLZS3JiEBg8,@alhvi
author::UCCaYwkkbQGcvFoUmothVdQQ,video::n8iP75gIpmw,1,UCCaYwkkbQGcvFoUmothVdQQ,n8iP75gIpmw,@OsvaldoAguirre-l3i
author::UCDIMztpVm7G27qBuiWuT6oQ,video::n8iP75gIpmw,1,UCDIMztpVm7G27qBuiWuT6oQ,n8iP75gIpmw,@lizardomorataya8274
author::UCDPWkUX3sNNaCx-m1dV4glA,video::n8iP75gIpmw,1,UCDPWkUX3sNNaCx-m1dV4glA,n8iP75gIpmw,@hectoroliva949
author::UCDQaQv0hr2SS_PO-CMEwVHg,video::n8iP75gIpmw,1,UCDQaQv0hr2SS_PO-CMEwVHg,n8iP75gIpmw,@federicosaquimux1933
author::UCDUffaruH6dyUnUGwsTKpgg,video::n8iP75gIpmw,1,UCDUffaruH6dyUnUGwsTKpgg,n8iP75gIpmw,@luisletona2842
author::UCDftMWXQoJ6nONfY7GVOVjg,video::n8iP75gIpmw,1,UCDftMWXQoJ6nONfY7GVOVjg,n8iP75gIpmw,@luisgpacheco5858
author::UCDlr1VadSucIZgZ171pRBjQ,video::n8iP75gIpmw,1,UCDlr1VadSucIZgZ171pRBjQ,n8iP75gIpmw,@cuabatzjj5924
author::UCDrmf9y9nLgFY5wnA2hTuGA,video::j43HgwYFKfk,1,UCDrmf9y9nLgFY5wnA2hTuGA,j43HgwYFKfk,@laboratorio5528
author::UCEHXl4VvvVpq-_4xC5tsbhg,video::6W4u8sGEnGM,1,UCEHXl4VvvVpq-_4xC5tsbhg,6W4u8sGEnGM,@anibalg47
author::UCEgEQmRbtL5fwr9_DqAC--g,video::n8iP75gIpmw,1,UCEgEQmRbtL5fwr9_DqAC--g,n8iP75gIpmw,@ArielRodas-g5y
author::UCErZPJpHmLCsXs8ZWkAUupQ,video::n8iP75gIpmw,1,UCErZPJpHmLCsXs8ZWkAUupQ,n8iP75gIpmw,@dorisl.garciaroche7763
author::UCFFrEmn6lPYiWyElpfzTy5Q,video::is3Mk5oC19g,1,UCFFrEmn6lPYiWyElpfzTy5Q,is3Mk5oC19g,@denilsonlopez4083
author::UCFOxCyF926Y9eHhMeVoWLzw,video::lj983NWyAQY,1,UCFOxCyF926Y9eHhMeVoWLzw,lj983NWyAQY,@arielsarc09
author::UCFUuDARXdmmIrLppEqf-rFg,video::n8iP75gIpmw,1,UCFUuDARXdmmIrLppEqf-rFg,n8iP75gIpmw,@allanmunoz7410
author::UCFhxtoeARHPnXXPcDrOU3Xg,video::n8iP75gIpmw,1,UCFhxtoeARHPnXXPcDrOU3Xg,n8iP75gIpmw,@diegoalejandrolopezmendez205
author::UCFjudnPLoaSL1BaRuLahyHg,video::n8iP75gIpmw,3,UCFjudnPLoaSL1BaRuLahyHg,n8iP75gIpmw,@HaroldoCastillo-rh9iw
author::UCFoIAE8k82D6AV-8gjjKaNg,video::n8iP75gIpmw,1,UCFoIAE8k82D6AV-8gjjKaNg,n8iP75gIpmw,@eddymunoz9789
author::UCFxE8GbokBrBsPEKM1xrOjQ,video::n8iP75gIpmw,1,UCFxE8GbokBrBsPEKM1xrOjQ,n8iP75gIpmw,@JuanDavila-qd7qj
author::UCFybmWapGvBKcQod7cPPH9w,video::6W4u8sGEnGM,1,UCFybmWapGvBKcQod7cPPH9w,6W4u8sGEnGM,@vitalianochavez8382
author::UCGGHbtfbbe0o68etrOf0qxw,video::j43HgwYFKfk,1,UCGGHbtfbbe0o68etrOf0qxw,j43HgwYFKfk,@karensussetteleonvargas9794
author::UCGX_UbAQOXGZknv5iqklwTA,video::PjmxCj-a9Hg,1,UCGX_UbAQOXGZknv5iqklwTA,PjmxCj-a9Hg,@ronaldgarcia8522
author::UCGZMgmM92E3njyXNe9-kjAQ,video::OkXlHx0hx-8,1,UCGZMgmM92E3njyXNe9-kjAQ,OkXlHx0hx-8,@pasionpornada
author::UCGj2v6Gl5bN8NSrzJMXS-CA,video::WIUZtitfLRw,1,UCGj2v6Gl5bN8NSrzJMXS-CA,WIUZtitfLRw,@juliogutierrez492
author::UCGm3gRBEHGRJYmtCryZLtDw,video::b_Hkrkl3adA,1,UCGm3gRBEHGRJYmtCryZLtDw,b_Hkrkl3adA,@JoséLopez-g6k
author::UCGqKxQS-z3NZzZF-2w338AA,video::lj983NWyAQY,1,UCGqKxQS-z3NZzZF-2w338AA,lj983NWyAQY,@samuelaguilar529
author::UCGzXwyCzMzGmjmCbH3Hg01Q,video::n8iP75gIpmw,1,UCGzXwyCzMzGmjmCbH3Hg01Q,n8iP75gIpmw,@FidelZacarias-ph7dy
author::UCHGd14aYuZZShLD73dkk6mg,video::JkpVO1hx2f8,1,UCHGd14aYuZZShLD73dkk6mg,JkpVO1hx2f8,@noemiherrera3152
author::UCHMQ_lDhibZ-XZ_3fo6oxwg,video::lj983NWyAQY,1,UCHMQ_lDhibZ-XZ_3fo6oxwg,lj983NWyAQY,@crislexrubi4387
author::UCHTGCgY2l-DQJIvlA_cpa_Q,video::PjmxCj-a9Hg,1,UCHTGCgY2l-DQJIvlA_cpa_Q,PjmxCj-a9Hg,@virgiliogarcia3039
author::UCHTGCgY2l-DQJIvlA_cpa_Q,video::n8iP75gIpmw,2,UCHTGCgY2l-DQJIvlA_cpa_Q,n8iP75gIpmw,@virgiliogarcia3039
author::UCHbwIx9pmQuf7i-4_xO2EpA,video::j43HgwYFKfk,1,UCHbwIx9pmQuf7i-4_xO2EpA,j43HgwYFKfk,@caminoseternos752
author::UCHhHUjaMAZ8SiXdCUCj9DkQ,video::n8iP75gIpmw,2,UCHhHUjaMAZ8SiXdCUCj9DkQ,n8iP75gIpmw,@fredymendez1786
author::UCHu8x4MVkayU6VgwVKd--MQ,video::b_Hkrkl3adA,1,UCHu8x4MVkayU6VgwVKd--MQ,b_Hkrkl3adA,@Hernandez-i1o
author::UCIUhbSCy3-SGRe5UtqM4fzQ,video::lj983NWyAQY,1,UCIUhbSCy3-SGRe5UtqM4fzQ,lj983NWyAQY,@jeanmorales1677
author::UCIXLDYqR_syskKRJy_x9W9Q,video::06mFNPU0aB8,1,UCIXLDYqR_syskKRJy_x9W9Q,06mFNPU0aB8,@carlitosramirez4739
author::UCIgoiXdIKJyUGmUoH2Lxdzg,video::OkXlHx0hx-8,1,UCIgoiXdIKJyUGmUoH2Lxdzg,OkXlHx0hx-8,@susievidal4134
author::UCIp19h9igblA2YKfSLPDAug,video::lj983NWyAQY,1,UCIp19h9igblA2YKfSLPDAug,lj983NWyAQY,@JoseReyes-rn6sh
author::UCJp3OrVYcBorC94sKwdch_A,video::ndAZjHqzzT8,1,UCJp3OrVYcBorC94sKwdch_A,ndAZjHqzzT8,@ULJoshmg2011
author::UCJxJC56BSAX-ArD0NAb9qnQ,video::3Nfp9h5avBI,1,UCJxJC56BSAX-ArD0NAb9qnQ,3Nfp9h5avBI,@alfonsowilian9157
author::UCKDR0f2fu2UzWL8mBv5-BHw,video::n8iP75gIpmw,1,UCKDR0f2fu2UzWL8mBv5-BHw,n8iP75gIpmw,@mireyamorales6595
author::UCKVzDUqbtdSMBcexaEtMmzQ,video::TT4qJ5FXHYE,1,UCKVzDUqbtdSMBcexaEtMmzQ,TT4qJ5FXHYE,@rotorairgroup8409
author::UCL13XhnRzbGokEkCkEOb0-g,video::n8iP75gIpmw,2,UCL13XhnRzbGokEkCkEOb0-g,n8iP75gIpmw,@raquelprado3643
author::UCL1MT278vSaQ83ZDkVWn1gw,video::n8iP75gIpmw,1,UCL1MT278vSaQ83ZDkVWn1gw,n8iP75gIpmw,@elmorodriguez6978
author::UCLFdHr9BEbXHkoJopbEPLZw,video::n8iP75gIpmw,2,UCLFdHr9BEbXHkoJopbEPLZw,n8iP75gIpmw,@kanterra4584
author::UCLXYp1Cvc5DLtq5UQL5D9vw,video::06mFNPU0aB8,1,UCLXYp1Cvc5DLtq5UQL5D9vw,06mFNPU0aB8,@jorgecifuentes-m5g
author::UCLggDc_a5HriXv7I1h02sOA,video::n8iP75gIpmw,2,UCLggDc_a5HriXv7I1h02sOA,n8iP75gIpmw,@guillermogonzalez5153
author::UCLh1Kde4_vI1sTZBkTNP7RQ,video::is3Mk5oC19g,1,UCLh1Kde4_vI1sTZBkTNP7RQ,is3Mk5oC19g,@JoelReynoso-d4r
author::UCN2N_wYOw6fMwCeSzdXLPIw,video::PjmxCj-a9Hg,1,UCN2N_wYOw6fMwCeSzdXLPIw,PjmxCj-a9Hg,@danielantoniogonzalezflore4901
author::UCN6qbfPSzFtjhqUDZ3Cv3CQ,video::n8iP75gIpmw,1,UCN6qbfPSzFtjhqUDZ3Cv3CQ,n8iP75gIpmw,@carlosmedranovelasquez6380
author::UCNBnKqWf4d-rS4HwJRQljmQ,video::n8iP75gIpmw,2,UCNBnKqWf4d-rS4HwJRQljmQ,n8iP75gIpmw,@LE_A22
author::UCNIeXbV_mEwpa412h1aqUWw,video::PjmxCj-a9Hg,3,UCNIeXbV_mEwpa412h1aqUWw,PjmxCj-a9Hg,@juandeleon9060
author::UCNiMNUJvaRJb0_QLClqwVnA,video::TT4qJ5FXHYE,1,UCNiMNUJvaRJb0_QLClqwVnA,TT4qJ5FXHYE,@Santiago.Nolasco
author::UCNkcuy42zEwddwEcOd_HpnA,video::n8iP75gIpmw,1,UCNkcuy42zEwddwEcOd_HpnA,n8iP75gIpmw,@vanigomez492
author::UCNpt5CQlTzNjlAKY6CJtClQ,video::j43HgwYFKfk,1,UCNpt5CQlTzNjlAKY6CJtClQ,j43HgwYFKfk,@eustaquiogomez9975
author::UCO0zwwLWGyDgQmWPJ5Qrr1w,video::06mFNPU0aB8,1,UCO0zwwLWGyDgQmWPJ5Qrr1w,06mFNPU0aB8,@elsalvador3605
author::UCOARn3hnfkB7-_Rwa8Hoqcw,video::WIUZtitfLRw,1,UCOARn3hnfkB7-_Rwa8Hoqcw,WIUZtitfLRw,@nicelol5241
author::UCOLGv5Pf6BF2wFcwUzgcvHg,video::n8iP75gIpmw,2,UCOLGv5Pf6BF2wFcwUzgcvHg,n8iP75gIpmw,@welfrealdana5559
author::UCOLHH4ZpMxPYF-Q6e6wvn5A,video::OkXlHx0hx-8,1,UCOLHH4ZpMxPYF-Q6e6wvn5A,OkXlHx0hx-8,@luisroldan7374
author::UCOS8ViEkccrTZx2w2ccxotA,video::n8iP75gIpmw,1,UCOS8ViEkccrTZx2w2ccxotA,n8iP75gIpmw,@OscarHernandez-q8y
author::UCOY3XpD9qMCRSA8AA8c4CAw,video::yLZS3JiEBg8,1,UCOY3XpD9qMCRSA8AA8c4CAw,yLZS3JiEBg8,@franciscorodas9686
author::UCOcUI5XkTYNMSFhZNMIPpGg,video::j43HgwYFKfk,1,UCOcUI5XkTYNMSFhZNMIPpGg,j43HgwYFKfk,@hendersonlopez3864
author::UCOh6DaZC_x9HASnlRylEMfw,video::n8iP75gIpmw,1,UCOh6DaZC_x9HASnlRylEMfw,n8iP75gIpmw,@AndresMedina-v1s
author::UCPLW0HE3siElqCgXfgWxMqg,video::X_FAIef8qlE,1,UCPLW0HE3siElqCgXfgWxMqg,X_FAIef8qlE,@elizabethmonterroso7719
author::UCPNXmbOBVeC4HS-xemvcPtQ,video::OkXlHx0hx-8,1,UCPNXmbOBVeC4HS-xemvcPtQ,OkXlHx0hx-8,@BelkisRodriguezRamirez
author::UCPZueDLrCS4BmTBRMA4q0fA,video::PjmxCj-a9Hg,1,UCPZueDLrCS4BmTBRMA4q0fA,PjmxCj-a9Hg,@kevinochoa3695
author::UCQIdKuZ-OzuFqy0KjGrgesg,video::JkpVO1hx2f8,1,UCQIdKuZ-OzuFqy0KjGrgesg,JkpVO1hx2f8,@lyacausa
author::UCQM2tCKRRytVDRxNUfCDqQQ,video::zweosulrwA8,1,UCQM2tCKRRytVDRxNUfCDqQQ,zweosulrwA8,@elioelias7267
author::UCQMMuADgqWUOcJpLwHOzC-g,video::OkXlHx0hx-8,1,UCQMMuADgqWUOcJpLwHOzC-g,OkXlHx0hx-8,@Ripped-Yoda
author::UCQ_-LPP8JAbfkc-b1Q6NvWw,video::n8iP75gIpmw,2,UCQ_-LPP8JAbfkc-b1Q6NvWw,n8iP75gIpmw,@MegaKristenstewart
author::UCQgYjVngJRfPHDLGB5X6ZjA,video::n8iP75gIpmw,1,UCQgYjVngJRfPHDLGB5X6ZjA,n8iP75gIpmw,@oscarnavas9996
author::UCQqetiwzzmRNTM5OWuXarGQ,video::n8iP75gIpmw,1,UCQqetiwzzmRNTM5OWuXarGQ,n8iP75gIpmw,@isaiaslopezvelasquez1539
author::UCQqlPPUGqAfWjd-FSh_qn7Q,video::j43HgwYFKfk,1,UCQqlPPUGqAfWjd-FSh_qn7Q,j43HgwYFKfk,@estuardoargueta137
author::UCQtICyzWmhC5woCtbNgaSmg,video::n8iP75gIpmw,2,UCQtICyzWmhC5woCtbNgaSmg,n8iP75gIpmw,@nestormendez6216
author::UCQtSFINs1h6GHkpg9o5kMvg,video::n8iP75gIpmw,1,UCQtSFINs1h6GHkpg9o5kMvg,n8iP75gIpmw,@MacarioMartinezruiz
author::UCQyOePccUP-fIJYzchAgZYw,video::j43HgwYFKfk,1,UCQyOePccUP-fIJYzchAgZYw,j43HgwYFKfk,@aguilar4254
author::UCRAquv8el-tQ30bN7MlmySQ,video::j43HgwYFKfk,1,UCRAquv8el-tQ30bN7MlmySQ,j43HgwYFKfk,@iamjimalesssa
author::UCRETAiYdh2dL5ZxB0_N1zDA,video::n8iP75gIpmw,1,UCRETAiYdh2dL5ZxB0_N1zDA,n8iP75gIpmw,@Joseroland21
author::UCRcSR3Lvn9DZAmJpVPANfZQ,video::lj983NWyAQY,1,UCRcSR3Lvn9DZAmJpVPANfZQ,lj983NWyAQY,@WalksandSuch
author::UCRelkU8JiZBytTzebJxaa-w,video::n8iP75gIpmw,1,UCRelkU8JiZBytTzebJxaa-w,n8iP75gIpmw,@danyraymundo2942
author::UCRfkkatKrNtAARnXMMYBGlA,video::6W4u8sGEnGM,1,UCRfkkatKrNtAARnXMMYBGlA,6W4u8sGEnGM,@BernerSoza-mg3vx
author::UCRlCV9zSn7avAWh-9_XFWqQ,video::n8iP75gIpmw,1,UCRlCV9zSn7avAWh-9_XFWqQ,n8iP75gIpmw,@ronyarana8849
author::UCRvPToDkkumha7WJAfCDk1A,video::j43HgwYFKfk,1,UCRvPToDkkumha7WJAfCDk1A,j43HgwYFKfk,@ligiaguerra3057
author::UCRznz9-N3Qc1w-qNdLSIY2Q,video::lj983NWyAQY,1,UCRznz9-N3Qc1w-qNdLSIY2Q,lj983NWyAQY,@jimmygomez724
author::UCSTAUWVc1_82DHYeqOsqEFA,video::lj983NWyAQY,1,UCSTAUWVc1_82DHYeqOsqEFA,lj983NWyAQY,@TheAlexX_C
author::UCSou6a2OuYGSvPjm5psquyA,video::n8iP75gIpmw,1,UCSou6a2OuYGSvPjm5psquyA,n8iP75gIpmw,@FranciscoRivera-sf7ne
author::UCTD6q1nyIe3Y7HhqjaMj72w,video::n8iP75gIpmw,1,UCTD6q1nyIe3Y7HhqjaMj72w,n8iP75gIpmw,@JuanChang-r6k
author::UCTP3O0rMnc8z8v8jaDQwL0w,video::n8iP75gIpmw,1,UCTP3O0rMnc8z8v8jaDQwL0w,n8iP75gIpmw,@RobertoZelaya-x1v
author::UCTTILH6QCIxbTnEWxwRqs1g,video::yLZS3JiEBg8,1,UCTTILH6QCIxbTnEWxwRqs1g,yLZS3JiEBg8,@3762Jorge
author::UCThW2XNsAaBKme5PUt7n-Zg,video::n8iP75gIpmw,1,UCThW2XNsAaBKme5PUt7n-Zg,n8iP75gIpmw,@thelmamoran8565
author::UCTwSut16JyAg3mX6LVUNGqA,video::n8iP75gIpmw,1,UCTwSut16JyAg3mX6LVUNGqA,n8iP75gIpmw,@SuperVictor2005
author::UCTylKrsqkrBKIqubMu_5N0Q,video::n8iP75gIpmw,1,UCTylKrsqkrBKIqubMu_5N0Q,n8iP75gIpmw,@edwingeovanymarroquinmarro6684
author::UCUIIIPTVDVHAXqhC_5V6lPA,video::n8iP75gIpmw,1,UCUIIIPTVDVHAXqhC_5V6lPA,n8iP75gIpmw,@gorrarota
author::UCUoYsrx1oZnCZ0usbBJn4fA,video::j43HgwYFKfk,1,UCUoYsrx1oZnCZ0usbBJn4fA,j43HgwYFKfk,@AnaDiaz-re9sq
author::UCV0iizTBoOfdAFX_thfI9BA,video::n8iP75gIpmw,1,UCV0iizTBoOfdAFX_thfI9BA,n8iP75gIpmw,@BenjaminLarios-jd8nk
author::UCV0lM03g5fg5pbPj97-sAtA,video::j43HgwYFKfk,1,UCV0lM03g5fg5pbPj97-sAtA,j43HgwYFKfk,@genarodelgado3929
author::UCV3fr-YOixFKCZBbJP1-X4w,video::6W4u8sGEnGM,5,UCV3fr-YOixFKCZBbJP1-X4w,6W4u8sGEnGM,@albertoshernandez5251
author::UCVC2QugcI1G4RvlCiUqd1aQ,video::ndAZjHqzzT8,2,UCVC2QugcI1G4RvlCiUqd1aQ,ndAZjHqzzT8,@rwdm76
author::UCVQf0tzL7xRzFJsABVVULpg,video::PjmxCj-a9Hg,1,UCVQf0tzL7xRzFJsABVVULpg,PjmxCj-a9Hg,@DennisseLopetegi
author::UCVdjCrh4tQoX3haNAZv-n5A,video::OkXlHx0hx-8,1,UCVdjCrh4tQoX3haNAZv-n5A,OkXlHx0hx-8,@aurahernandez5646
author::UCVhif9eV0f8plICen2DnpKA,video::WIUZtitfLRw,1,UCVhif9eV0f8plICen2DnpKA,WIUZtitfLRw,@blogarteplus
author::UCW-JC6lebVmf2P1dmY_L94g,video::j43HgwYFKfk,1,UCW-JC6lebVmf2P1dmY_L94g,j43HgwYFKfk,@dinoraoroxon5771
author::UCW80DaMjQlEUibC98Cot-Dg,video::j43HgwYFKfk,1,UCW80DaMjQlEUibC98Cot-Dg,j43HgwYFKfk,@rogeraldana4289
author::UCWIZUtKJ636y-4TYrNvok0g,video::n8iP75gIpmw,1,UCWIZUtKJ636y-4TYrNvok0g,n8iP75gIpmw,@cesarandreas7824
author::UCWWkebAekppaL5b5CNlppuw,video::JkpVO1hx2f8,1,UCWWkebAekppaL5b5CNlppuw,JkpVO1hx2f8,@ninettmartinez425
author::UCWaRixDdpgllTBf4V0jPnKQ,video::6W4u8sGEnGM,2,UCWaRixDdpgllTBf4V0jPnKQ,6W4u8sGEnGM,@hectormaaz5523
author::UCWoAVGVqCn4xtINCMOTM4jg,video::j43HgwYFKfk,1,UCWoAVGVqCn4xtINCMOTM4jg,j43HgwYFKfk,@OmarMartinez-vv8re
author::UCWvntqPQx99k_Z_skWKqNSA,video::6W4u8sGEnGM,1,UCWvntqPQx99k_Z_skWKqNSA,6W4u8sGEnGM,@AntonioChiyal-x5s
author::UCXN2s7DwTJm33xO-pNkAdaA,video::06mFNPU0aB8,1,UCXN2s7DwTJm33xO-pNkAdaA,06mFNPU0aB8,@edithsan7688
author::UCXO1BBohNWXkK9SBDAG2ySg,video::yLZS3JiEBg8,1,UCXO1BBohNWXkK9SBDAG2ySg,yLZS3JiEBg8,@JBFlute92
author::UCXSkL3ejZ8qWYyF_M7s_QKA,video::n8iP75gIpmw,1,UCXSkL3ejZ8qWYyF_M7s_QKA,n8iP75gIpmw,@JacintaTzoy
author::UCXVLc8CmAO813ubM-fLvCDw,video::yLZS3JiEBg8,1,UCXVLc8CmAO813ubM-fLvCDw,yLZS3JiEBg8,@herminiasaquimux7565
author::UCXXh7yg5KUFIWylTiKVEFKQ,video::n8iP75gIpmw,2,UCXXh7yg5KUFIWylTiKVEFKQ,n8iP75gIpmw,@MrDuenderojo
author::UCXgr7vXlRrsaskPdo097kGA,video::n8iP75gIpmw,1,UCXgr7vXlRrsaskPdo097kGA,n8iP75gIpmw,@Rogergh-nw4oj
author::UCXl30Y_upRqbti52fmjK4YA,video::yLZS3JiEBg8,1,UCXl30Y_upRqbti52fmjK4YA,yLZS3JiEBg8,@capitanfrans
author::UCXmrpc6Li0spcKxtS0Q_ptg,video::lj983NWyAQY,1,UCXmrpc6Li0spcKxtS0Q_ptg,lj983NWyAQY,@melvinperez6710
author::UCXr8_5WtGeipe4haOoQDgyQ,video::n8iP75gIpmw,1,UCXr8_5WtGeipe4haOoQDgyQ,n8iP75gIpmw,@amyherrera7352
author::UCY7Hq7F9Lnucf-Yr6JkHZNw,video::lj983NWyAQY,1,UCY7Hq7F9Lnucf-Yr6JkHZNw,lj983NWyAQY,@maynorcalel1442
author::UCYN4wSQ1Sx4_LurxLlW7MPg,video::n8iP75gIpmw,1,UCYN4wSQ1Sx4_LurxLlW7MPg,n8iP75gIpmw,@belarminavillatoro6474
author::UCYwpX26TrCxq8TvbKGRYLXA,video::n8iP75gIpmw,1,UCYwpX26TrCxq8TvbKGRYLXA,n8iP75gIpmw,@beneficioelcaminovillacana8540
author::UCZ51R_9Q9C0c8I3pAWhtmjQ,video::n8iP75gIpmw,1,UCZ51R_9Q9C0c8I3pAWhtmjQ,n8iP75gIpmw,@belvettzapeta1251
author::UCZFQwqh90apuL8eFhvRBkUg,video::6W4u8sGEnGM,1,UCZFQwqh90apuL8eFhvRBkUg,6W4u8sGEnGM,@luisricardo9671
author::UCZIQnb1fkwe39Iw2TAu-bGA,video::WIUZtitfLRw,1,UCZIQnb1fkwe39Iw2TAu-bGA,WIUZtitfLRw,@jorgegomez2237
author::UCZLG9qH0tUjNhEGFIUt0CYw,video::n8iP75gIpmw,1,UCZLG9qH0tUjNhEGFIUt0CYw,n8iP75gIpmw,@SoniaMarroquin-y6e
author::UCZOmq6MwFDVoCaEl99BRRaw,video::ndAZjHqzzT8,1,UCZOmq6MwFDVoCaEl99BRRaw,ndAZjHqzzT8,@daniloarevalo3170
author::UCZeIIQrGAedW8tCbKWmGY-A,video::j43HgwYFKfk,1,UCZeIIQrGAedW8tCbKWmGY-A,j43HgwYFKfk,@mariocordon8873
author::UCZjm6U576nX8WOiLhmMR3bw,video::OkXlHx0hx-8,1,UCZjm6U576nX8WOiLhmMR3bw,OkXlHx0hx-8,@MariaNavarroYT
author::UC_3xuTXvMIWU5MYP9HkJ3vQ,video::06mFNPU0aB8,1,UC_3xuTXvMIWU5MYP9HkJ3vQ,06mFNPU0aB8,@Historia-wm4os
author::UC_6KbBY1bsYXz9fwFS0eQRg,video::ndAZjHqzzT8,1,UC_6KbBY1bsYXz9fwFS0eQRg,ndAZjHqzzT8,@imrcp5694
author::UC_LYoGs5C3mbZKZuKuqYCvw,video::j43HgwYFKfk,1,UC_LYoGs5C3mbZKZuKuqYCvw,j43HgwYFKfk,@javiercifuentesarchila6041
author::UC_NRVt2UP88ZNTwzrZ66JSg,video::UhL9y3KUl8E,1,UC_NRVt2UP88ZNTwzrZ66JSg,UhL9y3KUl8E,@aditalissethevasquezrojas8039
author::UC_ljZ1hZXR9pzexFz87P5ZA,video::lj983NWyAQY,1,UC_ljZ1hZXR9pzexFz87P5ZA,lj983NWyAQY,@ChRiStOpHeR7969
author::UCa36MjQLoPAmgJo-R3G8WQA,video::6W4u8sGEnGM,1,UCa36MjQLoPAmgJo-R3G8WQA,6W4u8sGEnGM,@elsasalguero6914
author::UCaKAjTW9MVub_clgr4DRYjQ,video::j43HgwYFKfk,1,UCaKAjTW9MVub_clgr4DRYjQ,j43HgwYFKfk,@josecastillo4390
author::UCaT4saRcyqCLE657Rq2hhZQ,video::6W4u8sGEnGM,1,UCaT4saRcyqCLE657Rq2hhZQ,6W4u8sGEnGM,@elmilenial4064
author::UCaT6M2zp7X6r6Whd8Vv3kHQ,video::lj983NWyAQY,1,UCaT6M2zp7X6r6Whd8Vv3kHQ,lj983NWyAQY,@alexarcos8349
author::UCat2qkYvqmtDNEmo2PVuhXw,video::OkXlHx0hx-8,1,UCat2qkYvqmtDNEmo2PVuhXw,OkXlHx0hx-8,@DoraSalas-j5o
author::UCbNanjFI51cwGqMAb2rOrBw,video::OkXlHx0hx-8,1,UCbNanjFI51cwGqMAb2rOrBw,OkXlHx0hx-8,@RosaMontesdeOca777
author::UCbYoNG5J3Au5BqtbXogfEFw,video::PjmxCj-a9Hg,1,UCbYoNG5J3Au5BqtbXogfEFw,PjmxCj-a9Hg,@Luis-gn3fj
author::UCbrtvygfRT6QXqWDNrOf-cA,video::ndAZjHqzzT8,1,UCbrtvygfRT6QXqWDNrOf-cA,ndAZjHqzzT8,@Alejandro00710
author::UCbrtvygfRT6QXqWDNrOf-cA,video::yLZS3JiEBg8,1,UCbrtvygfRT6QXqWDNrOf-cA,yLZS3JiEBg8,@Alejandro00710
author::UCcFIBN-rtC3d3hXeuN5TfWw,video::yLZS3JiEBg8,1,UCcFIBN-rtC3d3hXeuN5TfWw,yLZS3JiEBg8,@DenisRMC
author::UCc_F88PzGWtA1OPNUEASulA,video::yLZS3JiEBg8,1,UCc_F88PzGWtA1OPNUEASulA,yLZS3JiEBg8,@rockyscarlet
author::UCcfdg8crmMJwEuLUsAhV7yg,video::n8iP75gIpmw,1,UCcfdg8crmMJwEuLUsAhV7yg,n8iP75gIpmw,@RolandoRaguay
author::UCdFlugHJJa4l3YqWuNRmvXw,video::is3Mk5oC19g,1,UCdFlugHJJa4l3YqWuNRmvXw,is3Mk5oC19g,@MarcosCarillo-b1r
author::UCdFlugHJJa4l3YqWuNRmvXw,video::j43HgwYFKfk,1,UCdFlugHJJa4l3YqWuNRmvXw,j43HgwYFKfk,@MarcosCarillo-b1r
author::UCdQAuWwyC99MB7Y02Umj26Q,video::yLZS3JiEBg8,1,UCdQAuWwyC99MB7Y02Umj26Q,yLZS3JiEBg8,@miguelbran1268
author::UCe8JZoYkX5oKUZyivHYdXhw,video::j43HgwYFKfk,1,UCe8JZoYkX5oKUZyivHYdXhw,j43HgwYFKfk,@FernandoGarcia-jg1fj
author::UCeDNEtI8_a42bZ47wJiJMwQ,video::j43HgwYFKfk,1,UCeDNEtI8_a42bZ47wJiJMwQ,j43HgwYFKfk,@EdgarcalderonCalderong
author::UCeQk-WfEA-cJRq4EKeE7TOw,video::6W4u8sGEnGM,1,UCeQk-WfEA-cJRq4EKeE7TOw,6W4u8sGEnGM,@franciscojuarez9223
author::UCefAH1MbvADWUjE9WVcB9EQ,video::yLZS3JiEBg8,1,UCefAH1MbvADWUjE9WVcB9EQ,yLZS3JiEBg8,@jabriz8152
author::UCf5lnNZF7Qrtli9v4N_23WQ,video::PjmxCj-a9Hg,1,UCf5lnNZF7Qrtli9v4N_23WQ,PjmxCj-a9Hg,@CarlosCortez-v5r
author::UCfM3nrxtTQMY5jFx1v1J4Gg,video::n8iP75gIpmw,1,UCfM3nrxtTQMY5jFx1v1J4Gg,n8iP75gIpmw,@edgarroldan5539
author::UCfRqgt2O-vjzUDMZY_tnxQw,video::is3Mk5oC19g,1,UCfRqgt2O-vjzUDMZY_tnxQw,is3Mk5oC19g,@Williams-Garcia67E
author::UCfXykdbSU97rj987LDUGfvg,video::06mFNPU0aB8,1,UCfXykdbSU97rj987LDUGfvg,06mFNPU0aB8,@MariaSantos-c8y3h
author::UCfjhejO7LZy4doXURa7LZCQ,video::06mFNPU0aB8,1,UCfjhejO7LZy4doXURa7LZCQ,06mFNPU0aB8,@HonwayLee-z5g
author::UCfo_yUPzy1f1POwwZxhZ06Q,video::6W4u8sGEnGM,1,UCfo_yUPzy1f1POwwZxhZ06Q,6W4u8sGEnGM,@lara11roberto
author::UCg3eIfd7BrsLEqS0BLkftHA,video::PjmxCj-a9Hg,3,UCg3eIfd7BrsLEqS0BLkftHA,PjmxCj-a9Hg,@ErmePérez-q4s
author::UCgGqw4aqMdMVSGkKiMgrJRQ,video::6W4u8sGEnGM,1,UCgGqw4aqMdMVSGkKiMgrJRQ,6W4u8sGEnGM,@pattyfigueroa5609
author::UCgJNFj5dnxXpcMvmuhZDPxA,video::j43HgwYFKfk,1,UCgJNFj5dnxXpcMvmuhZDPxA,j43HgwYFKfk,@NataliaRodriguez-rx5mr
author::UCgLrWFdYitoP-b7-PxtUr-w,video::lj983NWyAQY,1,UCgLrWFdYitoP-b7-PxtUr-w,lj983NWyAQY,@zetag
author::UCgLurCo-e019HGODcjXHWCw,video::lj983NWyAQY,1,UCgLurCo-e019HGODcjXHWCw,lj983NWyAQY,@perritojuega1
author::UCgQJgI9vu1FI2dnC9mrFthw,video::PjmxCj-a9Hg,1,UCgQJgI9vu1FI2dnC9mrFthw,PjmxCj-a9Hg,@srms70
author::UCgQw_Sbq3ugruDUKsq1e0-A,video::j43HgwYFKfk,1,UCgQw_Sbq3ugruDUKsq1e0-A,j43HgwYFKfk,@marlenareano-h4t
author::UCgvw7xIdGFupzpt1Y_BFkEA,video::n8iP75gIpmw,1,UCgvw7xIdGFupzpt1Y_BFkEA,n8iP75gIpmw,@fredygarcia9151
author::UCh5ESQvtzyHDhCA7XyekCFA,video::n8iP75gIpmw,3,UCh5ESQvtzyHDhCA7XyekCFA,n8iP75gIpmw,@andyB5280
author::UChT7pzGytNd92Nmvi-zuWog,video::yLZS3JiEBg8,1,UChT7pzGytNd92Nmvi-zuWog,yLZS3JiEBg8,@sparkvalkov
author::UChZknRmJkeGeQk0-mQuhDOg,video::n8iP75gIpmw,1,UChZknRmJkeGeQk0-mQuhDOg,n8iP75gIpmw,@OdilioRodríguez-c5w
author::UCheEJ5GZuIvV0fj-nXyVwXw,video::6W4u8sGEnGM,1,UCheEJ5GZuIvV0fj-nXyVwXw,6W4u8sGEnGM,@rosaoliva9389
author::UChep9kVb5gQmpodEEl10Xlg,video::n8iP75gIpmw,1,UChep9kVb5gQmpodEEl10Xlg,n8iP75gIpmw,@carlosaguilar-kz7ml
author::UChgkn5Jt5tWKYMoEOuCjz3Q,video::n8iP75gIpmw,1,UChgkn5Jt5tWKYMoEOuCjz3Q,n8iP75gIpmw,@pablochitay46
author::UChs3tU2BcKOT0CezykvAsGw,video::n8iP75gIpmw,3,UChs3tU2BcKOT0CezykvAsGw,n8iP75gIpmw,@byronpontaza
author::UChyps3dqY-VY1_wLeq-2lhw,video::6W4u8sGEnGM,1,UChyps3dqY-VY1_wLeq-2lhw,6W4u8sGEnGM,@maydamorales4395
author::UCi-vPdnpQreC7BkFs40mJGA,video::lj983NWyAQY,1,UCi-vPdnpQreC7BkFs40mJGA,lj983NWyAQY,@bryansicasales4280
author::UCi1b_TRQfgO1Z9O2gNGGWNA,video::n8iP75gIpmw,2,UCi1b_TRQfgO1Z9O2gNGGWNA,n8iP75gIpmw,@davidisraelesquitsaquil
author::UCi2KiZq63sRq8Mfbcp-MelQ,video::OkXlHx0hx-8,6,UCi2KiZq63sRq8Mfbcp-MelQ,OkXlHx0hx-8,@eugeneramirez4405
author::UCiC-Jn7wdgyQV4_Urk0DkWQ,video::j43HgwYFKfk,1,UCiC-Jn7wdgyQV4_Urk0DkWQ,j43HgwYFKfk,@pedroros6358
author::UCiGRBf2RNF0WRKhRVT7zFoA,video::n8iP75gIpmw,1,UCiGRBf2RNF0WRKhRVT7zFoA,n8iP75gIpmw,@edwinavila4876
author::UCiMythXHsw7eQEMykCdmMUA,video::n8iP75gIpmw,1,UCiMythXHsw7eQEMykCdmMUA,n8iP75gIpmw,@JavierBecerra-h6x
author::UCiOZX__1gahg1ypIj0_XG_w,video::6W4u8sGEnGM,1,UCiOZX__1gahg1ypIj0_XG_w,6W4u8sGEnGM,@mariogonzalezorellana8956
author::UCipetjeiWj4CZB6EbyYziZg,video::n8iP75gIpmw,1,UCipetjeiWj4CZB6EbyYziZg,n8iP75gIpmw,@OseasSamayoa-ol5rz
author::UCj-LL25XJnjxepPKCc3NGog,video::n8iP75gIpmw,1,UCj-LL25XJnjxepPKCc3NGog,n8iP75gIpmw,@anaaguirre8985
author::UCjJf-AJKRFFWtiN-CSwkDmA,video::ndAZjHqzzT8,1,UCjJf-AJKRFFWtiN-CSwkDmA,ndAZjHqzzT8,@2jose82
author::UCjSKM9j0Q7HLDr1hD6D-TUw,video::n8iP75gIpmw,1,UCjSKM9j0Q7HLDr1hD6D-TUw,n8iP75gIpmw,@josehidalgo4875
author::UCjZgFEowMBrsjodqfovzdKw,video::06mFNPU0aB8,1,UCjZgFEowMBrsjodqfovzdKw,06mFNPU0aB8,@franciscoflores3120
author::UCjZgFEowMBrsjodqfovzdKw,video::6W4u8sGEnGM,1,UCjZgFEowMBrsjodqfovzdKw,6W4u8sGEnGM,@franciscoflores3120
author::UCjmPuazZJzscrwvk0QR9RVw,video::n8iP75gIpmw,1,UCjmPuazZJzscrwvk0QR9RVw,n8iP75gIpmw,@mynorrodas8591
author::UCk4O-J1BhoqPmig1KLGJePA,video::is3Mk5oC19g,1,UCk4O-J1BhoqPmig1KLGJePA,is3Mk5oC19g,@lazarobarillas3575
author::UCkVtmkK07b2zaVVNssX4lOg,video::j43HgwYFKfk,1,UCkVtmkK07b2zaVVNssX4lOg,j43HgwYFKfk,@HectorElias-u2l
author::UCkbsS_3D-pvg1iHOld9uvIg,video::j43HgwYFKfk,1,UCkbsS_3D-pvg1iHOld9uvIg,j43HgwYFKfk,@gonzalo6075
author::UCkd9W714-947dEE6ZOEBATA,video::n8iP75gIpmw,2,UCkd9W714-947dEE6ZOEBATA,n8iP75gIpmw,@ARGELIATELON
author::UCkxdJ_yGN2gghOMo2ybQtXQ,video::yLZS3JiEBg8,1,UCkxdJ_yGN2gghOMo2ybQtXQ,yLZS3JiEBg8,@11223344An
author::UCl0ekS9Tt0jJGtOEM18S63w,video::n8iP75gIpmw,1,UCl0ekS9Tt0jJGtOEM18S63w,n8iP75gIpmw,@monkchapin
author::UCld2stqxaVSk0QdGncM224A,video::TT4qJ5FXHYE,1,UCld2stqxaVSk0QdGncM224A,TT4qJ5FXHYE,@sarahernandez3873
author::UClhMWQ7XKWywYvbRnuf8QsA,video::j43HgwYFKfk,1,UClhMWQ7XKWywYvbRnuf8QsA,j43HgwYFKfk,@EcPerez-zz9oh
author::UCljDbleJul41G1TzOjOZAVA,video::n8iP75gIpmw,1,UCljDbleJul41G1TzOjOZAVA,n8iP75gIpmw,@hectorcarranza3777
author::UClqA491Xa5fQcXcJJa-vTWw,video::j43HgwYFKfk,1,UClqA491Xa5fQcXcJJa-vTWw,j43HgwYFKfk,@AndresLemus-k2d
author::UClsrFGJKWPxxw7MiaEdKLXw,video::PjmxCj-a9Hg,1,UClsrFGJKWPxxw7MiaEdKLXw,PjmxCj-a9Hg,@ericapaz5406
author::UCmjppp6ujz3SAnULvP3sZMw,video::n8iP75gIpmw,1,UCmjppp6ujz3SAnULvP3sZMw,n8iP75gIpmw,@marcomendez7509
author::UCmvOgzmmXbjUthHy-WJ52hQ,video::n8iP75gIpmw,1,UCmvOgzmmXbjUthHy-WJ52hQ,n8iP75gIpmw,@mariorodas593
author::UCnU8wO1OurAmGstDw6VGjgQ,video::ndAZjHqzzT8,1,UCnU8wO1OurAmGstDw6VGjgQ,ndAZjHqzzT8,@cmorera21
author::UCoGdCoJg2Lh0OX_jv6cG16g,video::6W4u8sGEnGM,2,UCoGdCoJg2Lh0OX_jv6cG16g,6W4u8sGEnGM,@Israel-u5i7i
author::UColMq7LmaoY3MT6aIDGrGvA,video::j43HgwYFKfk,1,UColMq7LmaoY3MT6aIDGrGvA,j43HgwYFKfk,@quijotachapina1
author::UCozFYHN0e_-vlQbX3wQGOug,video::OkXlHx0hx-8,1,UCozFYHN0e_-vlQbX3wQGOug,OkXlHx0hx-8,@jesusguzman2321
author::UCp29O_C7cchZV8IxV7Crdag,video::6W4u8sGEnGM,2,UCp29O_C7cchZV8IxV7Crdag,6W4u8sGEnGM,@robertoescobar5507
author::UCp4iw5_5SmV9VGTFSNVGOmQ,video::n8iP75gIpmw,1,UCp4iw5_5SmV9VGTFSNVGOmQ,n8iP75gIpmw,@CARLOSSTREMS51
author::UCpIdtvoFHVLGASGB5ySqIEA,video::n8iP75gIpmw,1,UCpIdtvoFHVLGASGB5ySqIEA,n8iP75gIpmw,@VidalVillatoro-p4w
author::UCp_dAUfv8i3LW3zWc24dLaQ,video::OkXlHx0hx-8,1,UCp_dAUfv8i3LW3zWc24dLaQ,OkXlHx0hx-8,@MarioCortez-o6v
author::UCpe5jW3MIqkgTJ-PgkzvM6Q,video::j43HgwYFKfk,1,UCpe5jW3MIqkgTJ-PgkzvM6Q,j43HgwYFKfk,@carloslam5333
author::UCpl8rF8uv_8uui-QRvuJaRA,video::n8iP75gIpmw,1,UCpl8rF8uv_8uui-QRvuJaRA,n8iP75gIpmw,@SergioGarcia-z9c
author::UCplrIQtaPj6au60_f2-mOYw,video::n8iP75gIpmw,1,UCplrIQtaPj6au60_f2-mOYw,n8iP75gIpmw,@romeolopezherrarte799
author::UCpsKOkt5iWTbenzeuq7dsmQ,video::j43HgwYFKfk,1,UCpsKOkt5iWTbenzeuq7dsmQ,j43HgwYFKfk,@inge_vergueta
author::UCpsKOkt5iWTbenzeuq7dsmQ,video::n8iP75gIpmw,1,UCpsKOkt5iWTbenzeuq7dsmQ,n8iP75gIpmw,@inge_vergueta
author::UCpsKOkt5iWTbenzeuq7dsmQ,video::ndAZjHqzzT8,1,UCpsKOkt5iWTbenzeuq7dsmQ,ndAZjHqzzT8,@inge_vergueta
author::UCq3mDTTRZnUybct5M9OSXbg,video::06mFNPU0aB8,1,UCq3mDTTRZnUybct5M9OSXbg,06mFNPU0aB8,@MacoMorales-i2i2d
author::UCqCrvuoJpC-aVb0f4logQRQ,video::j43HgwYFKfk,1,UCqCrvuoJpC-aVb0f4logQRQ,j43HgwYFKfk,@Lyrics_GT
author::UCqilIa8r7iek5sGYg_q6ofA,video::lj983NWyAQY,1,UCqilIa8r7iek5sGYg_q6ofA,lj983NWyAQY,@rolandojuchuna484
author::UCql1n3Ey6ULMSOACjMe-fxQ,video::6W4u8sGEnGM,1,UCql1n3Ey6ULMSOACjMe-fxQ,6W4u8sGEnGM,@RolandoGonzalez-o7g
author::UCr1emrogPKkKTs_WTtx71xg,video::n8iP75gIpmw,1,UCr1emrogPKkKTs_WTtx71xg,n8iP75gIpmw,@domingopeneleu6457
author::UCrJn_rbo_ENAdeqneS-RmRw,video::n8iP75gIpmw,2,UCrJn_rbo_ENAdeqneS-RmRw,n8iP75gIpmw,@josecarrera9623
author::UCrqXyRsg-_hTosURZ-uvoKg,video::OkXlHx0hx-8,1,UCrqXyRsg-_hTosURZ-uvoKg,OkXlHx0hx-8,@flornolberto2425
author::UCsGoJEvb-cFPZ2rWoJcXzEQ,video::j43HgwYFKfk,1,UCsGoJEvb-cFPZ2rWoJcXzEQ,j43HgwYFKfk,@sergiohinestroza9709
author::UCsJJAvrVGupdmhOqgtDp8dg,video::n8iP75gIpmw,1,UCsJJAvrVGupdmhOqgtDp8dg,n8iP75gIpmw,@nestorlorenzana1168
author::UCsSXdJct-nsS8DsABoEsaYA,video::n8iP75gIpmw,1,UCsSXdJct-nsS8DsABoEsaYA,n8iP75gIpmw,@IvánPérez-j4j
author::UCsUCN0Yq_UyTvKjOJLmNrnQ,video::b_Hkrkl3adA,1,UCsUCN0Yq_UyTvKjOJLmNrnQ,b_Hkrkl3adA,@moisesvaldez4043
author::UCsUCN0Yq_UyTvKjOJLmNrnQ,video::n8iP75gIpmw,1,UCsUCN0Yq_UyTvKjOJLmNrnQ,n8iP75gIpmw,@moisesvaldez4043
author::UCs_5qeqdku9tGAq22y3OcuQ,video::lj983NWyAQY,1,UCs_5qeqdku9tGAq22y3OcuQ,lj983NWyAQY,@alexandrevasquez4135
author::UCsjs5Hp_r86x1xbK6FAeqaA,video::n8iP75gIpmw,1,UCsjs5Hp_r86x1xbK6FAeqaA,n8iP75gIpmw,@alvaroesquivel563
author::UCtCtts20bW6F9CSohau51Iw,video::6W4u8sGEnGM,2,UCtCtts20bW6F9CSohau51Iw,6W4u8sGEnGM,@carlosgranados9875
author::UCtMBF_1O2jY2INlb_luuB_A,video::lj983NWyAQY,1,UCtMBF_1O2jY2INlb_luuB_A,lj983NWyAQY,@mynorgudiel8646
author::UCtNfIBnc5S5DbbQj_yxgJTw,video::n8iP75gIpmw,1,UCtNfIBnc5S5DbbQj_yxgJTw,n8iP75gIpmw,@JosueRamirez-ey3ih
author::UCtNyHmRZtvGF2hSvI2dUBWw,video::PjmxCj-a9Hg,2,UCtNyHmRZtvGF2hSvI2dUBWw,PjmxCj-a9Hg,@aureliomaldonado4793
author::UCtUR3_CAiE7fCoZHM6cMfyQ,video::n8iP75gIpmw,1,UCtUR3_CAiE7fCoZHM6cMfyQ,n8iP75gIpmw,@mdelcid01
author::UCtiHFjFu7d5v2XxHnKFUYig,video::OkXlHx0hx-8,1,UCtiHFjFu7d5v2XxHnKFUYig,OkXlHx0hx-8,@Paul-gf7ec
author::UCtowGNY2lnlg6O2CkwDgkLg,video::TT4qJ5FXHYE,1,UCtowGNY2lnlg6O2CkwDgkLg,TT4qJ5FXHYE,@taniagabrielacelis8434
author::UCtsxPYw8VUsH_FfnKg-0lmw,video::6W4u8sGEnGM,1,UCtsxPYw8VUsH_FfnKg-0lmw,6W4u8sGEnGM,@AlejandroPérez-b6r
author::UCu8_3-Wg-YzNyvHYQDEscfw,video::j43HgwYFKfk,1,UCu8_3-Wg-YzNyvHYQDEscfw,j43HgwYFKfk,@RolandoCastroPérez-d7y
author::UCuP4UK33HKtJE_S39ksmaTw,video::PjmxCj-a9Hg,1,UCuP4UK33HKtJE_S39ksmaTw,PjmxCj-a9Hg,@herbertaguilar1387
author::UCuXmOjxC-htcprLgeVXz6Tg,video::j43HgwYFKfk,1,UCuXmOjxC-htcprLgeVXz6Tg,j43HgwYFKfk,@jorgeaguilar-bq3uj
author::UCueV9cTyTDwgQSec1x2dYgA,video::n8iP75gIpmw,1,UCueV9cTyTDwgQSec1x2dYgA,n8iP75gIpmw,@fredydomingo7062
author::UCujPF2nBgsTD62nWE3lcpIg,video::n8iP75gIpmw,1,UCujPF2nBgsTD62nWE3lcpIg,n8iP75gIpmw,@victorarturoruanobautista7588
author::UCusjriFsDHEc2AOjqk-p5ig,video::PjmxCj-a9Hg,1,UCusjriFsDHEc2AOjqk-p5ig,PjmxCj-a9Hg,@pablobarrios7931
author::UCut6b9S98nv84cVX89PmKzA,video::n8iP75gIpmw,2,UCut6b9S98nv84cVX89PmKzA,n8iP75gIpmw,@yeniferaguirre4498
author::UCvApqeCbLod-wejtT4CcVuA,video::n8iP75gIpmw,1,UCvApqeCbLod-wejtT4CcVuA,n8iP75gIpmw,@davidgaher9550
author::UCvDwJBBY1mHK70aTEYl6rsA,video::6W4u8sGEnGM,1,UCvDwJBBY1mHK70aTEYl6rsA,6W4u8sGEnGM,@cristianescobedo8296
author::UCvcu1kR8xMYy_I1Ty-2mV2Q,video::WIUZtitfLRw,1,UCvcu1kR8xMYy_I1Ty-2mV2Q,WIUZtitfLRw,@hashojea7348
author::UCvcu1kR8xMYy_I1Ty-2mV2Q,video::ndAZjHqzzT8,2,UCvcu1kR8xMYy_I1Ty-2mV2Q,ndAZjHqzzT8,@hashojea7348
author::UCvcu1kR8xMYy_I1Ty-2mV2Q,video::yLZS3JiEBg8,1,UCvcu1kR8xMYy_I1Ty-2mV2Q,yLZS3JiEBg8,@hashojea7348
author::UCvl1tzQeBeGy6efPTRJXSCw,video::06mFNPU0aB8,1,UCvl1tzQeBeGy6efPTRJXSCw,06mFNPU0aB8,@RaulPerez-cw2vi
author::UCwCfs-2zbD5k0lG-UVg_JBw,video::06mFNPU0aB8,1,UCwCfs-2zbD5k0lG-UVg_JBw,06mFNPU0aB8,@JessicaHuaz-96
author::UCwEe1RKlEv1UpNWmWYfSh4w,video::yLZS3JiEBg8,1,UCwEe1RKlEv1UpNWmWYfSh4w,yLZS3JiEBg8,@marioramirez299
author::UCwO2SXr0ggzwg6QWWrr01nQ,video::n8iP75gIpmw,1,UCwO2SXr0ggzwg6QWWrr01nQ,n8iP75gIpmw,@ricardofigueroa5720
author::UCwUAv3_LpWVtTIi7lkmTL7A,video::lj983NWyAQY,1,UCwUAv3_LpWVtTIi7lkmTL7A,lj983NWyAQY,@kingr4706
author::UCwW2OFy95P7ZBkOPxWkpvYg,video::n8iP75gIpmw,2,UCwW2OFy95P7ZBkOPxWkpvYg,n8iP75gIpmw,@TeresaLucero-b5o
author::UCwgCc9Jd_gG-uLE_SY-FfPg,video::j43HgwYFKfk,1,UCwgCc9Jd_gG-uLE_SY-FfPg,j43HgwYFKfk,@armindapenados2841
author::UCwha8rxULYMVtNwZWeSkE1A,video::n8iP75gIpmw,1,UCwha8rxULYMVtNwZWeSkE1A,n8iP75gIpmw,@mariasamo8637
author::UCwjUvRseNtJoItylIyIez7Q,video::j43HgwYFKfk,1,UCwjUvRseNtJoItylIyIez7Q,j43HgwYFKfk,@Silviazea
author::UCwxoKK59nGCeBqB2sXfDBIw,video::6W4u8sGEnGM,1,UCwxoKK59nGCeBqB2sXfDBIw,6W4u8sGEnGM,@vic-bonivideos
author::UCxKR3RA8T-kxMgq_2WWhRcQ,video::lj983NWyAQY,1,UCxKR3RA8T-kxMgq_2WWhRcQ,lj983NWyAQY,@elenaluarca9377
author::UCxcoDvP-g2_KTZDmVZtvb3w,video::yLZS3JiEBg8,1,UCxcoDvP-g2_KTZDmVZtvb3w,yLZS3JiEBg8,@angelmartinez9523
author::UCxff05WuyvwELNITi7bj7UA,video::n8iP75gIpmw,1,UCxff05WuyvwELNITi7bj7UA,n8iP75gIpmw,@markoherrera
author::UCxhtlxPV8AYWaNNyU6S9H8Q,video::OkXlHx0hx-8,1,UCxhtlxPV8AYWaNNyU6S9H8Q,OkXlHx0hx-8,@WilR-s8r
author::UCyJhqmMbsvjpoarBBStA2kg,video::6W4u8sGEnGM,6,UCyJhqmMbsvjpoarBBStA2kg,6W4u8sGEnGM,@Murmullodelbarrio
author::UCySYJU5kUh7X8gVt9la2ISA,video::n8iP75gIpmw,1,UCySYJU5kUh7X8gVt9la2ISA,n8iP75gIpmw,@dantesarti4351
author::UCyW68EGZey4ao_Vf2cR5Ztg,video::WIUZtitfLRw,1,UCyW68EGZey4ao_Vf2cR5Ztg,WIUZtitfLRw,@ZabalaXabier
author::UCylqlpsh8ENNM1LqgQ1KbxA,video::j43HgwYFKfk,2,UCylqlpsh8ENNM1LqgQ1KbxA,j43HgwYFKfk,@Jel.Awesh.M
author::UCylqlpsh8ENNM1LqgQ1KbxA,video::n8iP75gIpmw,1,UCylqlpsh8ENNM1LqgQ1KbxA,n8iP75gIpmw,@Jel.Awesh.M
author::UCyor0Mmm0ivLX2jIdyGp84Q,video::3Nfp9h5avBI,1,UCyor0Mmm0ivLX2jIdyGp84Q,3Nfp9h5avBI,@MiguelJordan-n3g
author::UCyzf29IYjNw67gGIfsjgtxA,video::lj983NWyAQY,1,UCyzf29IYjNw67gGIfsjgtxA,lj983NWyAQY,@carlosoliva9249
author::UCz3gu01bmjNv0DpRq-K3XYg,video::n8iP75gIpmw,2,UCz3gu01bmjNv0DpRq-K3XYg,n8iP75gIpmw,@eusebiovasquez4385
author::UCzSfZlOVxBSs5ObD25ywxDQ,video::n8iP75gIpmw,1,UCzSfZlOVxBSs5ObD25ywxDQ,n8iP75gIpmw,@GilmarMaldonado-q9m
author::UCzZ6dDCEsLMXbc5pCFXIprw,video::6W4u8sGEnGM,1,UCzZ6dDCEsLMXbc5pCFXIprw,6W4u8sGEnGM,@josegil3813
author::UCzZ6dDCEsLMXbc5pCFXIprw,video::PjmxCj-a9Hg,1,UCzZ6dDCEsLMXbc5pCFXIprw,PjmxCj-a9Hg,@josegil3813
author::UCzoL2l5H5eVlorWGH8AZfAg,video::n8iP75gIpmw,1,UCzoL2l5H5eVlorWGH8AZfAg,n8iP75gIpmw,@jor77cas
