node_id,node_type,raw_id,label,handle,comment_count,videos_commented,channels_commented,channel_id,channel_name,category,view_count,unique_authors
author::UC-HeUTT6_g-VoiWds2a4H-w,author,UC-HeUTT6_g-VoiWds2a4H-w,@JorgeMunoz-gd9et,/@JorgeMunoz-gd9et,1,1,1,,,,,
author::UC-Iul5tDYH_oiAMXQH-KaaQ,author,UC-Iul5tDYH_oiAMXQH-KaaQ,@AlbertoMancilla-p9h,/@AlbertoMancilla-p9h,1,1,1,,,,,
author::UC-QOpE7GOxlXcHZ8b7HbQKA,author,UC-QOpE7GOxlXcHZ8b7HbQKA,@mariaalexander427,/@mariaalexander427,2,1,1,,,,,
author::UC-fiZBS5Gp1eCJd9ucgWnCg,author,UC-fiZBS5Gp1eCJd9ucgWnCg,@Tommii.10,/@Tommii.10,1,1,1,,,,,
author::UC-hfX8J5JPJ-dfuakzegMLA,author,UC-hfX8J5JPJ-dfuakzegMLA,@normaleticiaorozcojuarez2418,/@normaleticiaorozcojuarez2418,1,1,1,,,,,
author::UC-jS_kA9w-OmpupXDx156Rg,author,UC-jS_kA9w-OmpupXDx156Rg,@simoncreyesc7579,/@simoncreyesc7579,1,1,1,,,,,
author::UC-pNP6RMFuLg_-x7Ah_0kEA,author,UC-pNP6RMFuLg_-x7Ah_0kEA,@almacatalan2717,/@almacatalan2717,1,1,1,,,,,
author::UC094EFEmMSdwVa8NQjjYBXg,author,UC094EFEmMSdwVa8NQjjYBXg,@CelestinoQuej-j7k,/@CelestinoQuej-j7k,1,1,1,,,,,
author::UC0HvfEWozTHbwl_iEmJNvVA,author,UC0HvfEWozTHbwl_iEmJNvVA,@OttoPalencia-b7r,/@OttoPalencia-b7r,1,1,1,,,,,
author::UC0RpuMwkDKJYqgKHtsJRuWQ,author,UC0RpuMwkDKJYqgKHtsJRuWQ,@sabinamarinaguerra3248,/@sabinamarinaguerra3248,1,1,1,,,,,
author::UC0aEyakBPqcBkVJiErfSupQ,author,UC0aEyakBPqcBkVJiErfSupQ,@jhonymanuel9891,/@jhonymanuel9891,1,1,1,,,,,
author::UC14qlobYKqD-DO0j6b75lcA,author,UC14qlobYKqD-DO0j6b75lcA,@megavision4488,/@megavision4488,1,1,1,,,,,
author::UC1DpqK6vaPEkBOMNvypsKYg,author,UC1DpqK6vaPEkBOMNvypsKYg,@HectorCarranza-u4j4o,/@HectorCarranza-u4j4o,1,1,1,,,,,
author::UC1NiEdJ7gk6FlDexIalWnGg,author,UC1NiEdJ7gk6FlDexIalWnGg,@BorisTebalán,/@BorisTebal%C3%A1n,1,1,1,,,,,
author::UC1WlJfQmaIskYhP4gmWoamw,author,UC1WlJfQmaIskYhP4gmWoamw,@marthareiss5434,/@marthareiss5434,1,1,1,,,,,
author::UC1Y7x3h0c95Z8kUhi-Tzaeg,author,UC1Y7x3h0c95Z8kUhi-Tzaeg,@rosadiaz9235,/@rosadiaz9235,1,1,1,,,,,
author::UC1vr9aaMI2crB0NvwFHUeoQ,author,UC1vr9aaMI2crB0NvwFHUeoQ,@JoseSimilox-p6e,/@JoseSimilox-p6e,1,1,1,,,,,
author::UC2Y_EHWQKevubk4vOEBBFxw,author,UC2Y_EHWQKevubk4vOEBBFxw,@alfonsomorales2653,/@alfonsomorales2653,1,1,1,,,,,
author::UC2ngpd8UBQu4gcUYy0goAtg,author,UC2ngpd8UBQu4gcUYy0goAtg,@juliohernandez7438,/@juliohernandez7438,1,1,1,,,,,
author::UC2weSE8rpqkGMOp6StYtVfg,author,UC2weSE8rpqkGMOp6StYtVfg,@katerynsantiago2907,/@katerynsantiago2907,1,1,1,,,,,
author::UC32oozucwCF3q8d4m8fyOUg,author,UC32oozucwCF3q8d4m8fyOUg,@RauldejesusOlivagonzalez,/@RauldejesusOlivagonzalez,1,1,1,,,,,
author::UC3E9mAgP7VoAE5mZoAexl5g,author,UC3E9mAgP7VoAE5mZoAexl5g,@EnnioAroche,/@EnnioAroche,1,1,1,,,,,
author::UC3MYTqpQqlWBuCB7Th0e0PA,author,UC3MYTqpQqlWBuCB7Th0e0PA,@isaaclopez7220,/@isaaclopez7220,1,1,1,,,,,
author::UC3NMzdMYryaw82kPTnsaljg,author,UC3NMzdMYryaw82kPTnsaljg,@marisosa7832,/@marisosa7832,1,1,1,,,,,
author::UC3UVO7pTbeYvZ3ILEyRDskQ,author,UC3UVO7pTbeYvZ3ILEyRDskQ,@rosaelenaargueta79,/@rosaelenaargueta79,1,1,1,,,,,
author::UC3XTwHxygNCgjndsg-UiCQA,author,UC3XTwHxygNCgjndsg-UiCQA,@marioajset4283,/@marioajset4283,3,1,1,,,,,
author::UC3YpzAr7pcdKC7BVFEpYzog,author,UC3YpzAr7pcdKC7BVFEpYzog,@carmenfigueroa1232,/@carmenfigueroa1232,1,1,1,,,,,
author::UC3iIU62XKUOWuqL8BqBzj9A,author,UC3iIU62XKUOWuqL8BqBzj9A,@antonioduarte2288,/@antonioduarte2288,1,1,1,,,,,
author::UC3qn1yJA5PeW9rkGPatQxiw,author,UC3qn1yJA5PeW9rkGPatQxiw,@VICTOREST19,/@VICTOREST19,1,1,1,,,,,
author::UC4Avya4kmR4Q0FrfFdBozSQ,author,UC4Avya4kmR4Q0FrfFdBozSQ,@davidlima1348,/@davidlima1348,1,1,1,,,,,
author::UC4cXueR2bKGFJV0Fk76gwmA,author,UC4cXueR2bKGFJV0Fk76gwmA,@aluxdel4792,/@aluxdel4792,1,1,1,,,,,
author::UC4kg7zuTfqQKLd2bkZrSYBA,author,UC4kg7zuTfqQKLd2bkZrSYBA,@zoilagarcia9019,/@zoilagarcia9019,1,1,1,,,,,
author::UC4wq3DcbfaG6dtCqn8Oyu3w,author,UC4wq3DcbfaG6dtCqn8Oyu3w,@hugoasencio7764,/@hugoasencio7764,1,1,1,,,,,
author::UC5H8ASmMC9WrURmzeB4ySog,author,UC5H8ASmMC9WrURmzeB4ySog,@ManuelEdran,/@ManuelEdran,5,1,1,,,,,
author::UC5PrBbmUlQolwqmiru7yZhw,author,UC5PrBbmUlQolwqmiru7yZhw,@lazarochavez8269,/@lazarochavez8269,1,1,1,,,,,
author::UC5PyGvSfFM--OVKmQ3COu6g,author,UC5PyGvSfFM--OVKmQ3COu6g,@FreddyGmez,/@FreddyGmez,1,1,1,,,,,
author::UC5bG9nc_JV3FsNP2KseQiYw,author,UC5bG9nc_JV3FsNP2KseQiYw,@giovannirodas4836,/@giovannirodas4836,1,1,1,,,,,
author::UC5fvhAfm89JH8eDFdvc0xYw,author,UC5fvhAfm89JH8eDFdvc0xYw,@isaidiaz2388,/@isaidiaz2388,1,1,1,,,,,
author::UC5hvEnRUzI4Kfvwnyi4QxqQ,author,UC5hvEnRUzI4Kfvwnyi4QxqQ,@leonelsantizo5281,/@leonelsantizo5281,1,1,1,,,,,
author::UC5wuDq3U3vRAhOQI3D7gNdw,author,UC5wuDq3U3vRAhOQI3D7gNdw,@allanreneramirezgonzalez534,/@allanreneramirezgonzalez534,1,1,1,,,,,
author::UC63tFvbQ_hJhGDi2nbjssjw,author,UC63tFvbQ_hJhGDi2nbjssjw,@AbigailRodas-w2r,/@AbigailRodas-w2r,1,1,1,,,,,
author::UC650pRT-OYzny3GwOH8Cgfw,author,UC650pRT-OYzny3GwOH8Cgfw,@edvinparedesherrera7632,/@edvinparedesherrera7632,1,1,1,,,,,
author::UC6PvO1_k5lHKGdAPo5_C6TA,author,UC6PvO1_k5lHKGdAPo5_C6TA,@johnmejia992,/@johnmejia992,1,1,1,,,,,
author::UC6Uj1FT5JjDSF8vudvDxPAA,author,UC6Uj1FT5JjDSF8vudvDxPAA,@alfredoortega9264,/@alfredoortega9264,1,1,1,,,,,
author::UC6YSZqL0vEcI-niPKIMUGfw,author,UC6YSZqL0vEcI-niPKIMUGfw,@maxwellsales885,/@maxwellsales885,1,1,1,,,,,
author::UC6xI_MOaxajIWpoP8BH6E_Q,author,UC6xI_MOaxajIWpoP8BH6E_Q,@jahirdiaz5862,/@jahirdiaz5862,1,1,1,,,,,
author::UC72gBAtyb_VXQlYDcFrh6oQ,author,UC72gBAtyb_VXQlYDcFrh6oQ,@osmanmorales3012,/@osmanmorales3012,3,1,1,,,,,
author::UC7IMsCxfZyWN7YQo8-JYa6Q,author,UC7IMsCxfZyWN7YQo8-JYa6Q,@Burgos68,/@Burgos68,2,1,1,,,,,
author::UC7VUuJr9cGh845CmTvf7TlQ,author,UC7VUuJr9cGh845CmTvf7TlQ,@LuisCastillo-oz4df,/@LuisCastillo-oz4df,1,1,1,,,,,
author::UC7dadZG7kkGYnsNu6td0FbA,author,UC7dadZG7kkGYnsNu6td0FbA,@lesolorzano,/@lesolorzano,1,1,1,,,,,
author::UC816IGbFCZinfYS1LRDaaHg,author,UC816IGbFCZinfYS1LRDaaHg,@ingenieroar,/@ingenieroar,1,1,1,,,,,
author::UC8F2V63KZ4ZEay6opX2hAQw,author,UC8F2V63KZ4ZEay6opX2hAQw,@carmenr6311,/@carmenr6311,1,1,1,,,,,
author::UC8G5cJONY8L9voMyBW8Eoug,author,UC8G5cJONY8L9voMyBW8Eoug,@luisparedes-pw6qt,/@luisparedes-pw6qt,1,1,1,,,,,
author::UC8r11yOugM2NuRfitQOxLLg,author,UC8r11yOugM2NuRfitQOxLLg,@cesaraugustomoralesmonroy6907,/@cesaraugustomoralesmonroy6907,1,1,1,,,,,
author::UC8xlJWNHz1V_W6q3fbuQH8g,author,UC8xlJWNHz1V_W6q3fbuQH8g,@NormaLópez-v7e,/@NormaL%C3%B3pez-v7e,1,1,1,,,,,
author::UC95PSMouTx2N5CbSq0hIyrQ,author,UC95PSMouTx2N5CbSq0hIyrQ,@lisss1908,/@lisss1908,1,1,1,,,,,
author::UC9Wp6vL5oCU37qC3Aj94WZA,author,UC9Wp6vL5oCU37qC3Aj94WZA,@ManuelSanchez-b8q2z,/@ManuelSanchez-b8q2z,1,1,1,,,,,
author::UC9vMq1YF-e7C-VO0SHkbUTA,author,UC9vMq1YF-e7C-VO0SHkbUTA,@ErvinLeonardoCarreraLatín,/@ErvinLeonardoCarreraLat%C3%ADn,4,1,1,,,,,
author::UC9xr9QvIcDvoZNUX5f-jaZw,author,UC9xr9QvIcDvoZNUX5f-jaZw,@MariaaliciaColonmorales,/@MariaaliciaColonmorales,1,1,1,,,,,
author::UCA93ym2TXs_Ibyxb4Vcn-6Q,author,UCA93ym2TXs_Ibyxb4Vcn-6Q,@oswaldosolis8728,/@oswaldosolis8728,1,1,1,,,,,
author::UCAKuKvcbfnBD3kF5njNu-IA,author,UCAKuKvcbfnBD3kF5njNu-IA,@melvinlopez7096,/@melvinlopez7096,1,1,1,,,,,
author::UCAV7QIjYhbDJaycQycM_0eQ,author,UCAV7QIjYhbDJaycQycM_0eQ,@mariavail8998,/@mariavail8998,1,1,1,,,,,
author::UCAlzM_N6xBlMYmM8EBzX86Q,author,UCAlzM_N6xBlMYmM8EBzX86Q,@carlossoto3252,/@carlossoto3252,1,1,1,,,,,
author::UCAmtbUiIrUIhikru0ZoTFig,author,UCAmtbUiIrUIhikru0ZoTFig,@Aura-vf6dm,/@Aura-vf6dm,1,1,1,,,,,
author::UCAxvOOHQk7dYPOajzFEVtbA,author,UCAxvOOHQk7dYPOajzFEVtbA,@ruddydepaz322,/@ruddydepaz322,2,1,1,,,,,
author::UCB5p8a5gklc80jJItP6xTHg,author,UCB5p8a5gklc80jJItP6xTHg,@ernestogamboa8737,/@ernestogamboa8737,1,1,1,,,,,
author::UCBlm80VQ4YoV3bUJR_XhkaQ,author,UCBlm80VQ4YoV3bUJR_XhkaQ,@rosadiaz6945,/@rosadiaz6945,2,1,1,,,,,
author::UCBtB5dIyx-C16UN8ClUD2UA,author,UCBtB5dIyx-C16UN8ClUD2UA,@alexmonzon4257,/@alexmonzon4257,1,1,1,,,,,
author::UCCBYcToQ2dwkd6TJh0FSyDg,author,UCCBYcToQ2dwkd6TJh0FSyDg,@lidiarodriguez3493,/@lidiarodriguez3493,1,1,1,,,,,
author::UCCUmP4PlbwgikVFpYwbtRTg,author,UCCUmP4PlbwgikVFpYwbtRTg,@alhvi,/@alhvi,1,1,1,,,,,
author::UCCaYwkkbQGcvFoUmothVdQQ,author,UCCaYwkkbQGcvFoUmothVdQQ,@OsvaldoAguirre-l3i,/@OsvaldoAguirre-l3i,1,1,1,,,,,
author::UCDIMztpVm7G27qBuiWuT6oQ,author,UCDIMztpVm7G27qBuiWuT6oQ,@lizardomorataya8274,/@lizardomorataya8274,1,1,1,,,,,
author::UCDPWkUX3sNNaCx-m1dV4glA,author,UCDPWkUX3sNNaCx-m1dV4glA,@hectoroliva949,/@hectoroliva949,1,1,1,,,,,
author::UCDQaQv0hr2SS_PO-CMEwVHg,author,UCDQaQv0hr2SS_PO-CMEwVHg,@federicosaquimux1933,/@federicosaquimux1933,1,1,1,,,,,
author::UCDUffaruH6dyUnUGwsTKpgg,author,UCDUffaruH6dyUnUGwsTKpgg,@luisletona2842,/@luisletona2842,1,1,1,,,,,
author::UCDftMWXQoJ6nONfY7GVOVjg,author,UCDftMWXQoJ6nONfY7GVOVjg,@luisgpacheco5858,/@luisgpacheco5858,1,1,1,,,,,
author::UCDlr1VadSucIZgZ171pRBjQ,author,UCDlr1VadSucIZgZ171pRBjQ,@cuabatzjj5924,/@cuabatzjj5924,1,1,1,,,,,
author::UCDrmf9y9nLgFY5wnA2hTuGA,author,UCDrmf9y9nLgFY5wnA2hTuGA,@laboratorio5528,/@laboratorio5528,1,1,1,,,,,
author::UCEHXl4VvvVpq-_4xC5tsbhg,author,UCEHXl4VvvVpq-_4xC5tsbhg,@anibalg47,/@anibalg47,1,1,1,,,,,
author::UCEgEQmRbtL5fwr9_DqAC--g,author,UCEgEQmRbtL5fwr9_DqAC--g,@ArielRodas-g5y,/@ArielRodas-g5y,1,1,1,,,,,
author::UCErZPJpHmLCsXs8ZWkAUupQ,author,UCErZPJpHmLCsXs8ZWkAUupQ,@dorisl.garciaroche7763,/@dorisl.garciaroche7763,1,1,1,,,,,
author::UCFFrEmn6lPYiWyElpfzTy5Q,author,UCFFrEmn6lPYiWyElpfzTy5Q,@denilsonlopez4083,/@denilsonlopez4083,1,1,1,,,,,
author::UCFOxCyF926Y9eHhMeVoWLzw,author,UCFOxCyF926Y9eHhMeVoWLzw,@arielsarc09,/@arielsarc09,1,1,1,,,,,
author::UCFUuDARXdmmIrLppEqf-rFg,author,UCFUuDARXdmmIrLppEqf-rFg,@allanmunoz7410,/@allanmunoz7410,1,1,1,,,,,
author::UCFhxtoeARHPnXXPcDrOU3Xg,author,UCFhxtoeARHPnXXPcDrOU3Xg,@diegoalejandrolopezmendez205,/@diegoalejandrolopezmendez205,1,1,1,,,,,
author::UCFjudnPLoaSL1BaRuLahyHg,author,UCFjudnPLoaSL1BaRuLahyHg,@HaroldoCastillo-rh9iw,/@HaroldoCastillo-rh9iw,3,1,1,,,,,
author::UCFoIAE8k82D6AV-8gjjKaNg,author,UCFoIAE8k82D6AV-8gjjKaNg,@eddymunoz9789,/@eddymunoz9789,1,1,1,,,,,
author::UCFxE8GbokBrBsPEKM1xrOjQ,author,UCFxE8GbokBrBsPEKM1xrOjQ,@JuanDavila-qd7qj,/@JuanDavila-qd7qj,1,1,1,,,,,
author::UCFybmWapGvBKcQod7cPPH9w,author,UCFybmWapGvBKcQod7cPPH9w,@vitalianochavez8382,/@vitalianochavez8382,1,1,1,,,,,
author::UCGGHbtfbbe0o68etrOf0qxw,author,UCGGHbtfbbe0o68etrOf0qxw,@karensussetteleonvargas9794,/@karensussetteleonvargas9794,1,1,1,,,,,
author::UCGX_UbAQOXGZknv5iqklwTA,author,UCGX_UbAQOXGZknv5iqklwTA,@ronaldgarcia8522,/@ronaldgarcia8522,1,1,1,,,,,
author::UCGZMgmM92E3njyXNe9-kjAQ,author,UCGZMgmM92E3njyXNe9-kjAQ,@pasionpornada,/@pasionpornada,1,1,1,,,,,
author::UCGj2v6Gl5bN8NSrzJMXS-CA,author,UCGj2v6Gl5bN8NSrzJMXS-CA,@juliogutierrez492,/@juliogutierrez492,1,1,1,,,,,
author::UCGm3gRBEHGRJYmtCryZLtDw,author,UCGm3gRBEHGRJYmtCryZLtDw,@JoséLopez-g6k,/@Jos%C3%A9Lopez-g6k,1,1,1,,,,,
author::UCGqKxQS-z3NZzZF-2w338AA,author,UCGqKxQS-z3NZzZF-2w338AA,@samuelaguilar529,/@samuelaguilar529,1,1,1,,,,,
author::UCGzXwyCzMzGmjmCbH3Hg01Q,author,UCGzXwyCzMzGmjmCbH3Hg01Q,@FidelZacarias-ph7dy,/@FidelZacarias-ph7dy,1,1,1,,,,,
author::UCHGd14aYuZZShLD73dkk6mg,author,UCHGd14aYuZZShLD73dkk6mg,@noemiherrera3152,/@noemiherrera3152,1,1,1,,,,,
author::UCHMQ_lDhibZ-XZ_3fo6oxwg,author,UCHMQ_lDhibZ-XZ_3fo6oxwg,@crislexrubi4387,/@crislexrubi4387,1,1,1,,,,,
author::UCHTGCgY2l-DQJIvlA_cpa_Q,author,UCHTGCgY2l-DQJIvlA_cpa_Q,@virgiliogarcia3039,/@virgiliogarcia3039,3,2,2,,,,,
author::UCHbwIx9pmQuf7i-4_xO2EpA,author,UCHbwIx9pmQuf7i-4_xO2EpA,@caminoseternos752,/@caminoseternos752,1,1,1,,,,,
author::UCHhHUjaMAZ8SiXdCUCj9DkQ,author,UCHhHUjaMAZ8SiXdCUCj9DkQ,@fredymendez1786,/@fredymendez1786,2,1,1,,,,,
author::UCHu8x4MVkayU6VgwVKd--MQ,author,UCHu8x4MVkayU6VgwVKd--MQ,@Hernandez-i1o,/@Hernandez-i1o,1,1,1,,,,,
author::UCIUhbSCy3-SGRe5UtqM4fzQ,author,UCIUhbSCy3-SGRe5UtqM4fzQ,@jeanmorales1677,/@jeanmorales1677,1,1,1,,,,,
author::UCIXLDYqR_syskKRJy_x9W9Q,author,UCIXLDYqR_syskKRJy_x9W9Q,@carlitosramirez4739,/@carlitosramirez4739,1,1,1,,,,,
author::UCIgoiXdIKJyUGmUoH2Lxdzg,author,UCIgoiXdIKJyUGmUoH2Lxdzg,@susievidal4134,/@susievidal4134,1,1,1,,,,,
author::UCIp19h9igblA2YKfSLPDAug,author,UCIp19h9igblA2YKfSLPDAug,@JoseReyes-rn6sh,/@JoseReyes-rn6sh,1,1,1,,,,,
author::UCJp3OrVYcBorC94sKwdch_A,author,UCJp3OrVYcBorC94sKwdch_A,@ULJoshmg2011,/@ULJoshmg2011,1,1,1,,,,,
author::UCJxJC56BSAX-ArD0NAb9qnQ,author,UCJxJC56BSAX-ArD0NAb9qnQ,@alfonsowilian9157,/@alfonsowilian9157,1,1,1,,,,,
author::UCKDR0f2fu2UzWL8mBv5-BHw,author,UCKDR0f2fu2UzWL8mBv5-BHw,@mireyamorales6595,/@mireyamorales6595,1,1,1,,,,,
author::UCKVzDUqbtdSMBcexaEtMmzQ,author,UCKVzDUqbtdSMBcexaEtMmzQ,@rotorairgroup8409,/@rotorairgroup8409,1,1,1,,,,,
author::UCL13XhnRzbGokEkCkEOb0-g,author,UCL13XhnRzbGokEkCkEOb0-g,@raquelprado3643,/@raquelprado3643,2,1,1,,,,,
author::UCL1MT278vSaQ83ZDkVWn1gw,author,UCL1MT278vSaQ83ZDkVWn1gw,@elmorodriguez6978,/@elmorodriguez6978,1,1,1,,,,,
author::UCLFdHr9BEbXHkoJopbEPLZw,author,UCLFdHr9BEbXHkoJopbEPLZw,@kanterra4584,/@kanterra4584,2,1,1,,,,,
author::UCLXYp1Cvc5DLtq5UQL5D9vw,author,UCLXYp1Cvc5DLtq5UQL5D9vw,@jorgecifuentes-m5g,/@jorgecifuentes-m5g,1,1,1,,,,,
author::UCLggDc_a5HriXv7I1h02sOA,author,UCLggDc_a5HriXv7I1h02sOA,@guillermogonzalez5153,/@guillermogonzalez5153,2,1,1,,,,,
author::UCLh1Kde4_vI1sTZBkTNP7RQ,author,UCLh1Kde4_vI1sTZBkTNP7RQ,@JoelReynoso-d4r,/@JoelReynoso-d4r,1,1,1,,,,,
author::UCN2N_wYOw6fMwCeSzdXLPIw,author,UCN2N_wYOw6fMwCeSzdXLPIw,@danielantoniogonzalezflore4901,/@danielantoniogonzalezflore4901,1,1,1,,,,,
author::UCN6qbfPSzFtjhqUDZ3Cv3CQ,author,UCN6qbfPSzFtjhqUDZ3Cv3CQ,@carlosmedranovelasquez6380,/@carlosmedranovelasquez6380,1,1,1,,,,,
author::UCNBnKqWf4d-rS4HwJRQljmQ,author,UCNBnKqWf4d-rS4HwJRQljmQ,@LE_A22,/@LE_A22,2,1,1,,,,,
author::UCNIeXbV_mEwpa412h1aqUWw,author,UCNIeXbV_mEwpa412h1aqUWw,@juandeleon9060,/@juandeleon9060,3,1,1,,,,,
author::UCNiMNUJvaRJb0_QLClqwVnA,author,UCNiMNUJvaRJb0_QLClqwVnA,@Santiago.Nolasco,/@Santiago.Nolasco,1,1,1,,,,,
author::UCNkcuy42zEwddwEcOd_HpnA,author,UCNkcuy42zEwddwEcOd_HpnA,@vanigomez492,/@vanigomez492,1,1,1,,,,,
author::UCNpt5CQlTzNjlAKY6CJtClQ,author,UCNpt5CQlTzNjlAKY6CJtClQ,@eustaquiogomez9975,/@eustaquiogomez9975,1,1,1,,,,,
author::UCO0zwwLWGyDgQmWPJ5Qrr1w,author,UCO0zwwLWGyDgQmWPJ5Qrr1w,@elsalvador3605,/@elsalvador3605,1,1,1,,,,,
author::UCOARn3hnfkB7-_Rwa8Hoqcw,author,UCOARn3hnfkB7-_Rwa8Hoqcw,@nicelol5241,/@nicelol5241,1,1,1,,,,,
author::UCOLGv5Pf6BF2wFcwUzgcvHg,author,UCOLGv5Pf6BF2wFcwUzgcvHg,@welfrealdana5559,/@welfrealdana5559,2,1,1,,,,,
author::UCOLHH4ZpMxPYF-Q6e6wvn5A,author,UCOLHH4ZpMxPYF-Q6e6wvn5A,@luisroldan7374,/@luisroldan7374,1,1,1,,,,,
author::UCOS8ViEkccrTZx2w2ccxotA,author,UCOS8ViEkccrTZx2w2ccxotA,@OscarHernandez-q8y,/@OscarHernandez-q8y,1,1,1,,,,,
author::UCOY3XpD9qMCRSA8AA8c4CAw,author,UCOY3XpD9qMCRSA8AA8c4CAw,@franciscorodas9686,/@franciscorodas9686,1,1,1,,,,,
author::UCOcUI5XkTYNMSFhZNMIPpGg,author,UCOcUI5XkTYNMSFhZNMIPpGg,@hendersonlopez3864,/@hendersonlopez3864,1,1,1,,,,,
author::UCOh6DaZC_x9HASnlRylEMfw,author,UCOh6DaZC_x9HASnlRylEMfw,@AndresMedina-v1s,/@AndresMedina-v1s,1,1,1,,,,,
author::UCPLW0HE3siElqCgXfgWxMqg,author,UCPLW0HE3siElqCgXfgWxMqg,@elizabethmonterroso7719,/@elizabethmonterroso7719,1,1,1,,,,,
author::UCPNXmbOBVeC4HS-xemvcPtQ,author,UCPNXmbOBVeC4HS-xemvcPtQ,@BelkisRodriguezRamirez,/@BelkisRodriguezRamirez,1,1,1,,,,,
author::UCPZueDLrCS4BmTBRMA4q0fA,author,UCPZueDLrCS4BmTBRMA4q0fA,@kevinochoa3695,/@kevinochoa3695,1,1,1,,,,,
author::UCQIdKuZ-OzuFqy0KjGrgesg,author,UCQIdKuZ-OzuFqy0KjGrgesg,@lyacausa,/@lyacausa,1,1,1,,,,,
author::UCQM2tCKRRytVDRxNUfCDqQQ,author,UCQM2tCKRRytVDRxNUfCDqQQ,@elioelias7267,/@elioelias7267,1,1,1,,,,,
author::UCQMMuADgqWUOcJpLwHOzC-g,author,UCQMMuADgqWUOcJpLwHOzC-g,@Ripped-Yoda,/@Ripped-Yoda,1,1,1,,,,,
author::UCQ_-LPP8JAbfkc-b1Q6NvWw,author,UCQ_-LPP8JAbfkc-b1Q6NvWw,@MegaKristenstewart,/@MegaKristenstewart,2,1,1,,,,,
author::UCQgYjVngJRfPHDLGB5X6ZjA,author,UCQgYjVngJRfPHDLGB5X6ZjA,@oscarnavas9996,/@oscarnavas9996,1,1,1,,,,,
author::UCQqetiwzzmRNTM5OWuXarGQ,author,UCQqetiwzzmRNTM5OWuXarGQ,@isaiaslopezvelasquez1539,/@isaiaslopezvelasquez1539,1,1,1,,,,,
author::UCQqlPPUGqAfWjd-FSh_qn7Q,author,UCQqlPPUGqAfWjd-FSh_qn7Q,@estuardoargueta137,/@estuardoargueta137,1,1,1,,,,,
author::UCQtICyzWmhC5woCtbNgaSmg,author,UCQtICyzWmhC5woCtbNgaSmg,@nestormendez6216,/@nestormendez6216,2,1,1,,,,,
author::UCQtSFINs1h6GHkpg9o5kMvg,author,UCQtSFINs1h6GHkpg9o5kMvg,@MacarioMartinezruiz,/@MacarioMartinezruiz,1,1,1,,,,,
author::UCQyOePccUP-fIJYzchAgZYw,author,UCQyOePccUP-fIJYzchAgZYw,@aguilar4254,/@aguilar4254,1,1,1,,,,,
author::UCRAquv8el-tQ30bN7MlmySQ,author,UCRAquv8el-tQ30bN7MlmySQ,@iamjimalesssa,/@iamjimalesssa,1,1,1,,,,,
author::UCRETAiYdh2dL5ZxB0_N1zDA,author,UCRETAiYdh2dL5ZxB0_N1zDA,@Joseroland21,/@Joseroland21,1,1,1,,,,,
author::UCRcSR3Lvn9DZAmJpVPANfZQ,author,UCRcSR3Lvn9DZAmJpVPANfZQ,@WalksandSuch,/@WalksandSuch,1,1,1,,,,,
author::UCRelkU8JiZBytTzebJxaa-w,author,UCRelkU8JiZBytTzebJxaa-w,@danyraymundo2942,/@danyraymundo2942,1,1,1,,,,,
author::UCRfkkatKrNtAARnXMMYBGlA,author,UCRfkkatKrNtAARnXMMYBGlA,@BernerSoza-mg3vx,/@BernerSoza-mg3vx,1,1,1,,,,,
author::UCRlCV9zSn7avAWh-9_XFWqQ,author,UCRlCV9zSn7avAWh-9_XFWqQ,@ronyarana8849,/@ronyarana8849,1,1,1,,,,,
author::UCRvPToDkkumha7WJAfCDk1A,author,UCRvPToDkkumha7WJAfCDk1A,@ligiaguerra3057,/@ligiaguerra3057,1,1,1,,,,,
author::UCRznz9-N3Qc1w-qNdLSIY2Q,author,UCRznz9-N3Qc1w-qNdLSIY2Q,@jimmygomez724,/@jimmygomez724,1,1,1,,,,,
author::UCSTAUWVc1_82DHYeqOsqEFA,author,UCSTAUWVc1_82DHYeqOsqEFA,@TheAlexX_C,/@TheAlexX_C,1,1,1,,,,,
author::UCSou6a2OuYGSvPjm5psquyA,author,UCSou6a2OuYGSvPjm5psquyA,@FranciscoRivera-sf7ne,/@FranciscoRivera-sf7ne,1,1,1,,,,,
author::UCTD6q1nyIe3Y7HhqjaMj72w,author,UCTD6q1nyIe3Y7HhqjaMj72w,@JuanChang-r6k,/@JuanChang-r6k,1,1,1,,,,,
author::UCTP3O0rMnc8z8v8jaDQwL0w,author,UCTP3O0rMnc8z8v8jaDQwL0w,@RobertoZelaya-x1v,/@RobertoZelaya-x1v,1,1,1,,,,,
author::UCTTILH6QCIxbTnEWxwRqs1g,author,UCTTILH6QCIxbTnEWxwRqs1g,@3762Jorge,/@3762Jorge,1,1,1,,,,,
author::UCThW2XNsAaBKme5PUt7n-Zg,author,UCThW2XNsAaBKme5PUt7n-Zg,@thelmamoran8565,/@thelmamoran8565,1,1,1,,,,,
author::UCTwSut16JyAg3mX6LVUNGqA,author,UCTwSut16JyAg3mX6LVUNGqA,@SuperVictor2005,/@SuperVictor2005,1,1,1,,,,,
author::UCTylKrsqkrBKIqubMu_5N0Q,author,UCTylKrsqkrBKIqubMu_5N0Q,@edwingeovanymarroquinmarro6684,/@edwingeovanymarroquinmarro6684,1,1,1,,,,,
author::UCUIIIPTVDVHAXqhC_5V6lPA,author,UCUIIIPTVDVHAXqhC_5V6lPA,@gorrarota,/@gorrarota,1,1,1,,,,,
author::UCUoYsrx1oZnCZ0usbBJn4fA,author,UCUoYsrx1oZnCZ0usbBJn4fA,@AnaDiaz-re9sq,/@AnaDiaz-re9sq,1,1,1,,,,,
author::UCV0iizTBoOfdAFX_thfI9BA,author,UCV0iizTBoOfdAFX_thfI9BA,@BenjaminLarios-jd8nk,/@BenjaminLarios-jd8nk,1,1,1,,,,,
author::UCV0lM03g5fg5pbPj97-sAtA,author,UCV0lM03g5fg5pbPj97-sAtA,@genarodelgado3929,/@genarodelgado3929,1,1,1,,,,,
author::UCV3fr-YOixFKCZBbJP1-X4w,author,UCV3fr-YOixFKCZBbJP1-X4w,@albertoshernandez5251,/@albertoshernandez5251,5,1,1,,,,,
author::UCVC2QugcI1G4RvlCiUqd1aQ,author,UCVC2QugcI1G4RvlCiUqd1aQ,@rwdm76,/@rwdm76,2,1,1,,,,,
author::UCVQf0tzL7xRzFJsABVVULpg,author,UCVQf0tzL7xRzFJsABVVULpg,@DennisseLopetegi,/@DennisseLopetegi,1,1,1,,,,,
author::UCVdjCrh4tQoX3haNAZv-n5A,author,UCVdjCrh4tQoX3haNAZv-n5A,@aurahernandez5646,/@aurahernandez5646,1,1,1,,,,,
author::UCVhif9eV0f8plICen2DnpKA,author,UCVhif9eV0f8plICen2DnpKA,@blogarteplus,/@blogarteplus,1,1,1,,,,,
author::UCW-JC6lebVmf2P1dmY_L94g,author,UCW-JC6lebVmf2P1dmY_L94g,@dinoraoroxon5771,/@dinoraoroxon5771,1,1,1,,,,,
author::UCW80DaMjQlEUibC98Cot-Dg,author,UCW80DaMjQlEUibC98Cot-Dg,@rogeraldana4289,/@rogeraldana4289,1,1,1,,,,,
author::UCWIZUtKJ636y-4TYrNvok0g,author,UCWIZUtKJ636y-4TYrNvok0g,@cesarandreas7824,/@cesarandreas7824,1,1,1,,,,,
author::UCWWkebAekppaL5b5CNlppuw,author,UCWWkebAekppaL5b5CNlppuw,@ninettmartinez425,/@ninettmartinez425,1,1,1,,,,,
author::UCWaRixDdpgllTBf4V0jPnKQ,author,UCWaRixDdpgllTBf4V0jPnKQ,@hectormaaz5523,/@hectormaaz5523,2,1,1,,,,,
author::UCWoAVGVqCn4xtINCMOTM4jg,author,UCWoAVGVqCn4xtINCMOTM4jg,@OmarMartinez-vv8re,/@OmarMartinez-vv8re,1,1,1,,,,,
author::UCWvntqPQx99k_Z_skWKqNSA,author,UCWvntqPQx99k_Z_skWKqNSA,@AntonioChiyal-x5s,/@AntonioChiyal-x5s,1,1,1,,,,,
author::UCXN2s7DwTJm33xO-pNkAdaA,author,UCXN2s7DwTJm33xO-pNkAdaA,@edithsan7688,/@edithsan7688,1,1,1,,,,,
author::UCXO1BBohNWXkK9SBDAG2ySg,author,UCXO1BBohNWXkK9SBDAG2ySg,@JBFlute92,/@JBFlute92,1,1,1,,,,,
author::UCXSkL3ejZ8qWYyF_M7s_QKA,author,UCXSkL3ejZ8qWYyF_M7s_QKA,@JacintaTzoy,/@JacintaTzoy,1,1,1,,,,,
author::UCXVLc8CmAO813ubM-fLvCDw,author,UCXVLc8CmAO813ubM-fLvCDw,@herminiasaquimux7565,/@herminiasaquimux7565,1,1,1,,,,,
author::UCXXh7yg5KUFIWylTiKVEFKQ,author,UCXXh7yg5KUFIWylTiKVEFKQ,@MrDuenderojo,/@MrDuenderojo,2,1,1,,,,,
author::UCXgr7vXlRrsaskPdo097kGA,author,UCXgr7vXlRrsaskPdo097kGA,@Rogergh-nw4oj,/@Rogergh-nw4oj,1,1,1,,,,,
author::UCXl30Y_upRqbti52fmjK4YA,author,UCXl30Y_upRqbti52fmjK4YA,@capitanfrans,/@capitanfrans,1,1,1,,,,,
author::UCXmrpc6Li0spcKxtS0Q_ptg,author,UCXmrpc6Li0spcKxtS0Q_ptg,@melvinperez6710,/@melvinperez6710,1,1,1,,,,,
author::UCXr8_5WtGeipe4haOoQDgyQ,author,UCXr8_5WtGeipe4haOoQDgyQ,@amyherrera7352,/@amyherrera7352,1,1,1,,,,,
author::UCY7Hq7F9Lnucf-Yr6JkHZNw,author,UCY7Hq7F9Lnucf-Yr6JkHZNw,@maynorcalel1442,/@maynorcalel1442,1,1,1,,,,,
author::UCYN4wSQ1Sx4_LurxLlW7MPg,author,UCYN4wSQ1Sx4_LurxLlW7MPg,@belarminavillatoro6474,/@belarminavillatoro6474,1,1,1,,,,,
author::UCYwpX26TrCxq8TvbKGRYLXA,author,UCYwpX26TrCxq8TvbKGRYLXA,@beneficioelcaminovillacana8540,/@beneficioelcaminovillacana8540,1,1,1,,,,,
author::UCZ51R_9Q9C0c8I3pAWhtmjQ,author,UCZ51R_9Q9C0c8I3pAWhtmjQ,@belvettzapeta1251,/@belvettzapeta1251,1,1,1,,,,,
author::UCZFQwqh90apuL8eFhvRBkUg,author,UCZFQwqh90apuL8eFhvRBkUg,@luisricardo9671,/@luisricardo9671,1,1,1,,,,,
author::UCZIQnb1fkwe39Iw2TAu-bGA,author,UCZIQnb1fkwe39Iw2TAu-bGA,@jorgegomez2237,/@jorgegomez2237,1,1,1,,,,,
author::UCZLG9qH0tUjNhEGFIUt0CYw,author,UCZLG9qH0tUjNhEGFIUt0CYw,@SoniaMarroquin-y6e,/@SoniaMarroquin-y6e,1,1,1,,,,,
author::UCZOmq6MwFDVoCaEl99BRRaw,author,UCZOmq6MwFDVoCaEl99BRRaw,@daniloarevalo3170,/@daniloarevalo3170,1,1,1,,,,,
author::UCZeIIQrGAedW8tCbKWmGY-A,author,UCZeIIQrGAedW8tCbKWmGY-A,@mariocordon8873,/@mariocordon8873,1,1,1,,,,,
author::UCZjm6U576nX8WOiLhmMR3bw,author,UCZjm6U576nX8WOiLhmMR3bw,@MariaNavarroYT,/@MariaNavarroYT,1,1,1,,,,,
author::UC_3xuTXvMIWU5MYP9HkJ3vQ,author,UC_3xuTXvMIWU5MYP9HkJ3vQ,@Historia-wm4os,/@Historia-wm4os,1,1,1,,,,,
author::UC_6KbBY1bsYXz9fwFS0eQRg,author,UC_6KbBY1bsYXz9fwFS0eQRg,@imrcp5694,/@imrcp5694,1,1,1,,,,,
author::UC_LYoGs5C3mbZKZuKuqYCvw,author,UC_LYoGs5C3mbZKZuKuqYCvw,@javiercifuentesarchila6041,/@javiercifuentesarchila6041,1,1,1,,,,,
author::UC_NRVt2UP88ZNTwzrZ66JSg,author,UC_NRVt2UP88ZNTwzrZ66JSg,@aditalissethevasquezrojas8039,/@aditalissethevasquezrojas8039,1,1,1,,,,,
author::UC_ljZ1hZXR9pzexFz87P5ZA,author,UC_ljZ1hZXR9pzexFz87P5ZA,@ChRiStOpHeR7969,/@ChRiStOpHeR7969,1,1,1,,,,,
author::UCa36MjQLoPAmgJo-R3G8WQA,author,UCa36MjQLoPAmgJo-R3G8WQA,@elsasalguero6914,/@elsasalguero6914,1,1,1,,,,,
author::UCaKAjTW9MVub_clgr4DRYjQ,author,UCaKAjTW9MVub_clgr4DRYjQ,@josecastillo4390,/@josecastillo4390,1,1,1,,,,,
author::UCaT4saRcyqCLE657Rq2hhZQ,author,UCaT4saRcyqCLE657Rq2hhZQ,@elmilenial4064,/@elmilenial4064,1,1,1,,,,,
author::UCaT6M2zp7X6r6Whd8Vv3kHQ,author,UCaT6M2zp7X6r6Whd8Vv3kHQ,@alexarcos8349,/@alexarcos8349,1,1,1,,,,,
author::UCat2qkYvqmtDNEmo2PVuhXw,author,UCat2qkYvqmtDNEmo2PVuhXw,@DoraSalas-j5o,/@DoraSalas-j5o,1,1,1,,,,,
author::UCbNanjFI51cwGqMAb2rOrBw,author,UCbNanjFI51cwGqMAb2rOrBw,@RosaMontesdeOca777,/@RosaMontesdeOca777,1,1,1,,,,,
author::UCbYoNG5J3Au5BqtbXogfEFw,author,UCbYoNG5J3Au5BqtbXogfEFw,@Luis-gn3fj,/@Luis-gn3fj,1,1,1,,,,,
author::UCbrtvygfRT6QXqWDNrOf-cA,author,UCbrtvygfRT6QXqWDNrOf-cA,@Alejandro00710,/@Alejandro00710,2,2,1,,,,,
author::UCcFIBN-rtC3d3hXeuN5TfWw,author,UCcFIBN-rtC3d3hXeuN5TfWw,@DenisRMC,/@DenisRMC,1,1,1,,,,,
author::UCc_F88PzGWtA1OPNUEASulA,author,UCc_F88PzGWtA1OPNUEASulA,@rockyscarlet,/@rockyscarlet,1,1,1,,,,,
author::UCcfdg8crmMJwEuLUsAhV7yg,author,UCcfdg8crmMJwEuLUsAhV7yg,@RolandoRaguay,/@RolandoRaguay,1,1,1,,,,,
author::UCdFlugHJJa4l3YqWuNRmvXw,author,UCdFlugHJJa4l3YqWuNRmvXw,@MarcosCarillo-b1r,/@MarcosCarillo-b1r,2,2,2,,,,,
author::UCdQAuWwyC99MB7Y02Umj26Q,author,UCdQAuWwyC99MB7Y02Umj26Q,@miguelbran1268,/@miguelbran1268,1,1,1,,,,,
author::UCe8JZoYkX5oKUZyivHYdXhw,author,UCe8JZoYkX5oKUZyivHYdXhw,@FernandoGarcia-jg1fj,/@FernandoGarcia-jg1fj,1,1,1,,,,,
author::UCeDNEtI8_a42bZ47wJiJMwQ,author,UCeDNEtI8_a42bZ47wJiJMwQ,@EdgarcalderonCalderong,/@EdgarcalderonCalderong,1,1,1,,,,,
author::UCeQk-WfEA-cJRq4EKeE7TOw,author,UCeQk-WfEA-cJRq4EKeE7TOw,@franciscojuarez9223,/@franciscojuarez9223,1,1,1,,,,,
author::UCefAH1MbvADWUjE9WVcB9EQ,author,UCefAH1MbvADWUjE9WVcB9EQ,@jabriz8152,/@jabriz8152,1,1,1,,,,,
author::UCf5lnNZF7Qrtli9v4N_23WQ,author,UCf5lnNZF7Qrtli9v4N_23WQ,@CarlosCortez-v5r,/@CarlosCortez-v5r,1,1,1,,,,,
author::UCfM3nrxtTQMY5jFx1v1J4Gg,author,UCfM3nrxtTQMY5jFx1v1J4Gg,@edgarroldan5539,/@edgarroldan5539,1,1,1,,,,,
author::UCfRqgt2O-vjzUDMZY_tnxQw,author,UCfRqgt2O-vjzUDMZY_tnxQw,@Williams-Garcia67E,/@Williams-Garcia67E,1,1,1,,,,,
author::UCfXykdbSU97rj987LDUGfvg,author,UCfXykdbSU97rj987LDUGfvg,@MariaSantos-c8y3h,/@MariaSantos-c8y3h,1,1,1,,,,,
author::UCfjhejO7LZy4doXURa7LZCQ,author,UCfjhejO7LZy4doXURa7LZCQ,@HonwayLee-z5g,/@HonwayLee-z5g,1,1,1,,,,,
author::UCfo_yUPzy1f1POwwZxhZ06Q,author,UCfo_yUPzy1f1POwwZxhZ06Q,@lara11roberto,/@lara11roberto,1,1,1,,,,,
author::UCg3eIfd7BrsLEqS0BLkftHA,author,UCg3eIfd7BrsLEqS0BLkftHA,@ErmePérez-q4s,/@ErmeP%C3%A9rez-q4s,3,1,1,,,,,
author::UCgGqw4aqMdMVSGkKiMgrJRQ,author,UCgGqw4aqMdMVSGkKiMgrJRQ,@pattyfigueroa5609,/@pattyfigueroa5609,1,1,1,,,,,
author::UCgJNFj5dnxXpcMvmuhZDPxA,author,UCgJNFj5dnxXpcMvmuhZDPxA,@NataliaRodriguez-rx5mr,/@NataliaRodriguez-rx5mr,1,1,1,,,,,
author::UCgLrWFdYitoP-b7-PxtUr-w,author,UCgLrWFdYitoP-b7-PxtUr-w,@zetag,/@zetag,1,1,1,,,,,
author::UCgLurCo-e019HGODcjXHWCw,author,UCgLurCo-e019HGODcjXHWCw,@perritojuega1,/@perritojuega1,1,1,1,,,,,
author::UCgQJgI9vu1FI2dnC9mrFthw,author,UCgQJgI9vu1FI2dnC9mrFthw,@srms70,/@srms70,1,1,1,,,,,
author::UCgQw_Sbq3ugruDUKsq1e0-A,author,UCgQw_Sbq3ugruDUKsq1e0-A,@marlenareano-h4t,/@marlenareano-h4t,1,1,1,,,,,
author::UCgvw7xIdGFupzpt1Y_BFkEA,author,UCgvw7xIdGFupzpt1Y_BFkEA,@fredygarcia9151,/@fredygarcia9151,1,1,1,,,,,
author::UCh5ESQvtzyHDhCA7XyekCFA,author,UCh5ESQvtzyHDhCA7XyekCFA,@andyB5280,/@andyB5280,3,1,1,,,,,
author::UChT7pzGytNd92Nmvi-zuWog,author,UChT7pzGytNd92Nmvi-zuWog,@sparkvalkov,/@sparkvalkov,1,1,1,,,,,
author::UChZknRmJkeGeQk0-mQuhDOg,author,UChZknRmJkeGeQk0-mQuhDOg,@OdilioRodríguez-c5w,/@OdilioRodr%C3%ADguez-c5w,1,1,1,,,,,
author::UCheEJ5GZuIvV0fj-nXyVwXw,author,UCheEJ5GZuIvV0fj-nXyVwXw,@rosaoliva9389,/@rosaoliva9389,1,1,1,,,,,
author::UChep9kVb5gQmpodEEl10Xlg,author,UChep9kVb5gQmpodEEl10Xlg,@carlosaguilar-kz7ml,/@carlosaguilar-kz7ml,1,1,1,,,,,
author::UChgkn5Jt5tWKYMoEOuCjz3Q,author,UChgkn5Jt5tWKYMoEOuCjz3Q,@pablochitay46,/@pablochitay46,1,1,1,,,,,
author::UChs3tU2BcKOT0CezykvAsGw,author,UChs3tU2BcKOT0CezykvAsGw,@byronpontaza,/@byronpontaza,3,1,1,,,,,
author::UChyps3dqY-VY1_wLeq-2lhw,author,UChyps3dqY-VY1_wLeq-2lhw,@maydamorales4395,/@maydamorales4395,1,1,1,,,,,
author::UCi-vPdnpQreC7BkFs40mJGA,author,UCi-vPdnpQreC7BkFs40mJGA,@bryansicasales4280,/@bryansicasales4280,1,1,1,,,,,
author::UCi1b_TRQfgO1Z9O2gNGGWNA,author,UCi1b_TRQfgO1Z9O2gNGGWNA,@davidisraelesquitsaquil,/@davidisraelesquitsaquil,2,1,1,,,,,
author::UCi2KiZq63sRq8Mfbcp-MelQ,author,UCi2KiZq63sRq8Mfbcp-MelQ,@eugeneramirez4405,/@eugeneramirez4405,6,1,1,,,,,
author::UCiC-Jn7wdgyQV4_Urk0DkWQ,author,UCiC-Jn7wdgyQV4_Urk0DkWQ,@pedroros6358,/@pedroros6358,1,1,1,,,,,
author::UCiGRBf2RNF0WRKhRVT7zFoA,author,UCiGRBf2RNF0WRKhRVT7zFoA,@edwinavila4876,/@edwinavila4876,1,1,1,,,,,
author::UCiMythXHsw7eQEMykCdmMUA,author,UCiMythXHsw7eQEMykCdmMUA,@JavierBecerra-h6x,/@JavierBecerra-h6x,1,1,1,,,,,
author::UCiOZX__1gahg1ypIj0_XG_w,author,UCiOZX__1gahg1ypIj0_XG_w,@mariogonzalezorellana8956,/@mariogonzalezorellana8956,1,1,1,,,,,
author::UCipetjeiWj4CZB6EbyYziZg,author,UCipetjeiWj4CZB6EbyYziZg,@OseasSamayoa-ol5rz,/@OseasSamayoa-ol5rz,1,1,1,,,,,
author::UCj-LL25XJnjxepPKCc3NGog,author,UCj-LL25XJnjxepPKCc3NGog,@anaaguirre8985,/@anaaguirre8985,1,1,1,,,,,
author::UCjJf-AJKRFFWtiN-CSwkDmA,author,UCjJf-AJKRFFWtiN-CSwkDmA,@2jose82,/@2jose82,1,1,1,,,,,
author::UCjSKM9j0Q7HLDr1hD6D-TUw,author,UCjSKM9j0Q7HLDr1hD6D-TUw,@josehidalgo4875,/@josehidalgo4875,1,1,1,,,,,
author::UCjZgFEowMBrsjodqfovzdKw,author,UCjZgFEowMBrsjodqfovzdKw,@franciscoflores3120,/@franciscoflores3120,2,2,2,,,,,
author::UCjmPuazZJzscrwvk0QR9RVw,author,UCjmPuazZJzscrwvk0QR9RVw,@mynorrodas8591,/@mynorrodas8591,1,1,1,,,,,
author::UCk4O-J1BhoqPmig1KLGJePA,author,UCk4O-J1BhoqPmig1KLGJePA,@lazarobarillas3575,/@lazarobarillas3575,1,1,1,,,,,
author::UCkVtmkK07b2zaVVNssX4lOg,author,UCkVtmkK07b2zaVVNssX4lOg,@HectorElias-u2l,/@HectorElias-u2l,1,1,1,,,,,
author::UCkbsS_3D-pvg1iHOld9uvIg,author,UCkbsS_3D-pvg1iHOld9uvIg,@gonzalo6075,/@gonzalo6075,1,1,1,,,,,
author::UCkd9W714-947dEE6ZOEBATA,author,UCkd9W714-947dEE6ZOEBATA,@ARGELIATELON,/@ARGELIATELON,2,1,1,,,,,
author::UCkxdJ_yGN2gghOMo2ybQtXQ,author,UCkxdJ_yGN2gghOMo2ybQtXQ,@11223344An,/@11223344An,1,1,1,,,,,
author::UCl0ekS9Tt0jJGtOEM18S63w,author,UCl0ekS9Tt0jJGtOEM18S63w,@monkchapin,/@monkchapin,1,1,1,,,,,
author::UCld2stqxaVSk0QdGncM224A,author,UCld2stqxaVSk0QdGncM224A,@sarahernandez3873,/@sarahernandez3873,1,1,1,,,,,
author::UClhMWQ7XKWywYvbRnuf8QsA,author,UClhMWQ7XKWywYvbRnuf8QsA,@EcPerez-zz9oh,/@EcPerez-zz9oh,1,1,1,,,,,
author::UCljDbleJul41G1TzOjOZAVA,author,UCljDbleJul41G1TzOjOZAVA,@hectorcarranza3777,/@hectorcarranza3777,1,1,1,,,,,
author::UClqA491Xa5fQcXcJJa-vTWw,author,UClqA491Xa5fQcXcJJa-vTWw,@AndresLemus-k2d,/@AndresLemus-k2d,1,1,1,,,,,
author::UClsrFGJKWPxxw7MiaEdKLXw,author,UClsrFGJKWPxxw7MiaEdKLXw,@ericapaz5406,/@ericapaz5406,1,1,1,,,,,
author::UCmjppp6ujz3SAnULvP3sZMw,author,UCmjppp6ujz3SAnULvP3sZMw,@marcomendez7509,/@marcomendez7509,1,1,1,,,,,
author::UCmvOgzmmXbjUthHy-WJ52hQ,author,UCmvOgzmmXbjUthHy-WJ52hQ,@mariorodas593,/@mariorodas593,1,1,1,,,,,
author::UCnU8wO1OurAmGstDw6VGjgQ,author,UCnU8wO1OurAmGstDw6VGjgQ,@cmorera21,/@cmorera21,1,1,1,,,,,
author::UCoGdCoJg2Lh0OX_jv6cG16g,author,UCoGdCoJg2Lh0OX_jv6cG16g,@Israel-u5i7i,/@Israel-u5i7i,2,1,1,,,,,
author::UColMq7LmaoY3MT6aIDGrGvA,author,UColMq7LmaoY3MT6aIDGrGvA,@quijotachapina1,/@quijotachapina1,1,1,1,,,,,
author::UCozFYHN0e_-vlQbX3wQGOug,author,UCozFYHN0e_-vlQbX3wQGOug,@jesusguzman2321,/@jesusguzman2321,1,1,1,,,,,
author::UCp29O_C7cchZV8IxV7Crdag,author,UCp29O_C7cchZV8IxV7Crdag,@robertoescobar5507,/@robertoescobar5507,2,1,1,,,,,
author::UCp4iw5_5SmV9VGTFSNVGOmQ,author,UCp4iw5_5SmV9VGTFSNVGOmQ,@CARLOSSTREMS51,/@CARLOSSTREMS51,1,1,1,,,,,
author::UCpIdtvoFHVLGASGB5ySqIEA,author,UCpIdtvoFHVLGASGB5ySqIEA,@VidalVillatoro-p4w,/@VidalVillatoro-p4w,1,1,1,,,,,
author::UCp_dAUfv8i3LW3zWc24dLaQ,author,UCp_dAUfv8i3LW3zWc24dLaQ,@MarioCortez-o6v,/@MarioCortez-o6v,1,1,1,,,,,
author::UCpe5jW3MIqkgTJ-PgkzvM6Q,author,UCpe5jW3MIqkgTJ-PgkzvM6Q,@carloslam5333,/@carloslam5333,1,1,1,,,,,
author::UCpl8rF8uv_8uui-QRvuJaRA,author,UCpl8rF8uv_8uui-QRvuJaRA,@SergioGarcia-z9c,/@SergioGarcia-z9c,1,1,1,,,,,
author::UCplrIQtaPj6au60_f2-mOYw,author,UCplrIQtaPj6au60_f2-mOYw,@romeolopezherrarte799,/@romeolopezherrarte799,1,1,1,,,,,
author::UCpsKOkt5iWTbenzeuq7dsmQ,author,UCpsKOkt5iWTbenzeuq7dsmQ,@inge_vergueta,/@inge_vergueta,3,3,1,,,,,
author::UCq3mDTTRZnUybct5M9OSXbg,author,UCq3mDTTRZnUybct5M9OSXbg,@MacoMorales-i2i2d,/@MacoMorales-i2i2d,1,1,1,,,,,
author::UCqCrvuoJpC-aVb0f4logQRQ,author,UCqCrvuoJpC-aVb0f4logQRQ,@Lyrics_GT,/@Lyrics_GT,1,1,1,,,,,
author::UCqilIa8r7iek5sGYg_q6ofA,author,UCqilIa8r7iek5sGYg_q6ofA,@rolandojuchuna484,/@rolandojuchuna484,1,1,1,,,,,
author::UCql1n3Ey6ULMSOACjMe-fxQ,author,UCql1n3Ey6ULMSOACjMe-fxQ,@RolandoGonzalez-o7g,/@RolandoGonzalez-o7g,1,1,1,,,,,
author::UCr1emrogPKkKTs_WTtx71xg,author,UCr1emrogPKkKTs_WTtx71xg,@domingopeneleu6457,/@domingopeneleu6457,1,1,1,,,,,
author::UCrJn_rbo_ENAdeqneS-RmRw,author,UCrJn_rbo_ENAdeqneS-RmRw,@josecarrera9623,/@josecarrera9623,2,1,1,,,,,
author::UCrqXyRsg-_hTosURZ-uvoKg,author,UCrqXyRsg-_hTosURZ-uvoKg,@flornolberto2425,/@flornolberto2425,1,1,1,,,,,
author::UCsGoJEvb-cFPZ2rWoJcXzEQ,author,UCsGoJEvb-cFPZ2rWoJcXzEQ,@sergiohinestroza9709,/@sergiohinestroza9709,1,1,1,,,,,
author::UCsJJAvrVGupdmhOqgtDp8dg,author,UCsJJAvrVGupdmhOqgtDp8dg,@nestorlorenzana1168,/@nestorlorenzana1168,1,1,1,,,,,
author::UCsSXdJct-nsS8DsABoEsaYA,author,UCsSXdJct-nsS8DsABoEsaYA,@IvánPérez-j4j,/@Iv%C3%A1nP%C3%A9rez-j4j,1,1,1,,,,,
author::UCsUCN0Yq_UyTvKjOJLmNrnQ,author,UCsUCN0Yq_UyTvKjOJLmNrnQ,@moisesvaldez4043,/@moisesvaldez4043,2,2,2,,,,,
author::UCs_5qeqdku9tGAq22y3OcuQ,author,UCs_5qeqdku9tGAq22y3OcuQ,@alexandrevasquez4135,/@alexandrevasquez4135,1,1,1,,,,,
author::UCsjs5Hp_r86x1xbK6FAeqaA,author,UCsjs5Hp_r86x1xbK6FAeqaA,@alvaroesquivel563,/@alvaroesquivel563,1,1,1,,,,,
author::UCtCtts20bW6F9CSohau51Iw,author,UCtCtts20bW6F9CSohau51Iw,@carlosgranados9875,/@carlosgranados9875,2,1,1,,,,,
author::UCtMBF_1O2jY2INlb_luuB_A,author,UCtMBF_1O2jY2INlb_luuB_A,@mynorgudiel8646,/@mynorgudiel8646,1,1,1,,,,,
author::UCtNfIBnc5S5DbbQj_yxgJTw,author,UCtNfIBnc5S5DbbQj_yxgJTw,@JosueRamirez-ey3ih,/@JosueRamirez-ey3ih,1,1,1,,,,,
author::UCtNyHmRZtvGF2hSvI2dUBWw,author,UCtNyHmRZtvGF2hSvI2dUBWw,@aureliomaldonado4793,/@aureliomaldonado4793,2,1,1,,,,,
author::UCtUR3_CAiE7fCoZHM6cMfyQ,author,UCtUR3_CAiE7fCoZHM6cMfyQ,@mdelcid01,/@mdelcid01,1,1,1,,,,,
author::UCtiHFjFu7d5v2XxHnKFUYig,author,UCtiHFjFu7d5v2XxHnKFUYig,@Paul-gf7ec,/@Paul-gf7ec,1,1,1,,,,,
author::UCtowGNY2lnlg6O2CkwDgkLg,author,UCtowGNY2lnlg6O2CkwDgkLg,@taniagabrielacelis8434,/@taniagabrielacelis8434,1,1,1,,,,,
author::UCtsxPYw8VUsH_FfnKg-0lmw,author,UCtsxPYw8VUsH_FfnKg-0lmw,@AlejandroPérez-b6r,/@AlejandroP%C3%A9rez-b6r,1,1,1,,,,,
author::UCu8_3-Wg-YzNyvHYQDEscfw,author,UCu8_3-Wg-YzNyvHYQDEscfw,@RolandoCastroPérez-d7y,/@RolandoCastroP%C3%A9rez-d7y,1,1,1,,,,,
author::UCuP4UK33HKtJE_S39ksmaTw,author,UCuP4UK33HKtJE_S39ksmaTw,@herbertaguilar1387,/@herbertaguilar1387,1,1,1,,,,,
author::UCuXmOjxC-htcprLgeVXz6Tg,author,UCuXmOjxC-htcprLgeVXz6Tg,@jorgeaguilar-bq3uj,/@jorgeaguilar-bq3uj,1,1,1,,,,,
author::UCueV9cTyTDwgQSec1x2dYgA,author,UCueV9cTyTDwgQSec1x2dYgA,@fredydomingo7062,/@fredydomingo7062,1,1,1,,,,,
author::UCujPF2nBgsTD62nWE3lcpIg,author,UCujPF2nBgsTD62nWE3lcpIg,@victorarturoruanobautista7588,/@victorarturoruanobautista7588,1,1,1,,,,,
author::UCusjriFsDHEc2AOjqk-p5ig,author,UCusjriFsDHEc2AOjqk-p5ig,@pablobarrios7931,/@pablobarrios7931,1,1,1,,,,,
author::UCut6b9S98nv84cVX89PmKzA,author,UCut6b9S98nv84cVX89PmKzA,@yeniferaguirre4498,/@yeniferaguirre4498,2,1,1,,,,,
author::UCvApqeCbLod-wejtT4CcVuA,author,UCvApqeCbLod-wejtT4CcVuA,@davidgaher9550,/@davidgaher9550,1,1,1,,,,,
author::UCvDwJBBY1mHK70aTEYl6rsA,author,UCvDwJBBY1mHK70aTEYl6rsA,@cristianescobedo8296,/@cristianescobedo8296,1,1,1,,,,,
author::UCvcu1kR8xMYy_I1Ty-2mV2Q,author,UCvcu1kR8xMYy_I1Ty-2mV2Q,@hashojea7348,/@hashojea7348,4,3,1,,,,,
author::UCvl1tzQeBeGy6efPTRJXSCw,author,UCvl1tzQeBeGy6efPTRJXSCw,@RaulPerez-cw2vi,/@RaulPerez-cw2vi,1,1,1,,,,,
author::UCwCfs-2zbD5k0lG-UVg_JBw,author,UCwCfs-2zbD5k0lG-UVg_JBw,@JessicaHuaz-96,/@JessicaHuaz-96,1,1,1,,,,,
author::UCwEe1RKlEv1UpNWmWYfSh4w,author,UCwEe1RKlEv1UpNWmWYfSh4w,@marioramirez299,/@marioramirez299,1,1,1,,,,,
author::UCwO2SXr0ggzwg6QWWrr01nQ,author,UCwO2SXr0ggzwg6QWWrr01nQ,@ricardofigueroa5720,/@ricardofigueroa5720,1,1,1,,,,,
author::UCwUAv3_LpWVtTIi7lkmTL7A,author,UCwUAv3_LpWVtTIi7lkmTL7A,@kingr4706,/@kingr4706,1,1,1,,,,,
author::UCwW2OFy95P7ZBkOPxWkpvYg,author,UCwW2OFy95P7ZBkOPxWkpvYg,@TeresaLucero-b5o,/@TeresaLucero-b5o,2,1,1,,,,,
author::UCwgCc9Jd_gG-uLE_SY-FfPg,author,UCwgCc9Jd_gG-uLE_SY-FfPg,@armindapenados2841,/@armindapenados2841,1,1,1,,,,,
author::UCwha8rxULYMVtNwZWeSkE1A,author,UCwha8rxULYMVtNwZWeSkE1A,@mariasamo8637,/@mariasamo8637,1,1,1,,,,,
author::UCwjUvRseNtJoItylIyIez7Q,author,UCwjUvRseNtJoItylIyIez7Q,@Silviazea,/@Silviazea,1,1,1,,,,,
author::UCwxoKK59nGCeBqB2sXfDBIw,author,UCwxoKK59nGCeBqB2sXfDBIw,@vic-bonivideos,/@vic-bonivideos,1,1,1,,,,,
author::UCxKR3RA8T-kxMgq_2WWhRcQ,author,UCxKR3RA8T-kxMgq_2WWhRcQ,@elenaluarca9377,/@elenaluarca9377,1,1,1,,,,,
author::UCxcoDvP-g2_KTZDmVZtvb3w,author,UCxcoDvP-g2_KTZDmVZtvb3w,@angelmartinez9523,/@angelmartinez9523,1,1,1,,,,,
author::UCxff05WuyvwELNITi7bj7UA,author,UCxff05WuyvwELNITi7bj7UA,@markoherrera,/@markoherrera,1,1,1,,,,,
author::UCxhtlxPV8AYWaNNyU6S9H8Q,author,UCxhtlxPV8AYWaNNyU6S9H8Q,@WilR-s8r,/@WilR-s8r,1,1,1,,,,,
author::UCyJhqmMbsvjpoarBBStA2kg,author,UCyJhqmMbsvjpoarBBStA2kg,@Murmullodelbarrio,/@Murmullodelbarrio,6,1,1,,,,,
author::UCySYJU5kUh7X8gVt9la2ISA,author,UCySYJU5kUh7X8gVt9la2ISA,@dantesarti4351,/@dantesarti4351,1,1,1,,,,,
author::UCyW68EGZey4ao_Vf2cR5Ztg,author,UCyW68EGZey4ao_Vf2cR5Ztg,@ZabalaXabier,/@ZabalaXabier,1,1,1,,,,,
author::UCylqlpsh8ENNM1LqgQ1KbxA,author,UCylqlpsh8ENNM1LqgQ1KbxA,@Jel.Awesh.M,/@Jel.Awesh.M,3,2,1,,,,,
author::UCyor0Mmm0ivLX2jIdyGp84Q,author,UCyor0Mmm0ivLX2jIdyGp84Q,@MiguelJordan-n3g,/@MiguelJordan-n3g,1,1,1,,,,,
author::UCyzf29IYjNw67gGIfsjgtxA,author,UCyzf29IYjNw67gGIfsjgtxA,@carlosoliva9249,/@carlosoliva9249,1,1,1,,,,,
author::UCz3gu01bmjNv0DpRq-K3XYg,author,UCz3gu01bmjNv0DpRq-K3XYg,@eusebiovasquez4385,/@eusebiovasquez4385,2,1,1,,,,,
author::UCzSfZlOVxBSs5ObD25ywxDQ,author,UCzSfZlOVxBSs5ObD25ywxDQ,@GilmarMaldonado-q9m,/@GilmarMaldonado-q9m,1,1,1,,,,,
author::UCzZ6dDCEsLMXbc5pCFXIprw,author,UCzZ6dDCEsLMXbc5pCFXIprw,@josegil3813,/@josegil3813,2,2,1,,,,,
author::UCzoL2l5H5eVlorWGH8AZfAg,author,UCzoL2l5H5eVlorWGH8AZfAg,@jor77cas,/@jor77cas,1,1,1,,,,,
video::06mFNPU0aB8,video,06mFNPU0aB8,Capturan a presuntos delincuentes disfrazados de mujer señalados de cometer asalto,,14,,,UCVpSRoZgngfSL03Nlbjtq9A,Noti7,News & Politics,6692,13
video::3Nfp9h5avBI,video,3Nfp9h5avBI,"Noticiero en Directo 1 pm, 28 de Agosto de 2026",,2,,,UCdSVqHGHzyMTXSafUHY-e-w,Noticiero Guatevisión 13 Hrs.,News & Politics,573,2
video::6W4u8sGEnGM,video,6W4u8sGEnGM,Inician los trabajos de recuperación del Puente Belice II.,,45,,,UC-ZtFBHzgkYFh7whZkuR_Ag,Gobierno de la República de Guatemala,Entertainment,11670,32
video::JkpVO1hx2f8,video,JkpVO1hx2f8,10 Preguntas a un año del Paro Nacional,,3,,,UCE4rsXcgDb6e1-a9iTbWzfg,Quorum,News & Politics,673,3
video::OkXlHx0hx-8,video,OkXlHx0hx-8,EE.UU. envía a mexicanos deportados a Guatemala antes de su regreso a México | Noticias Telemundo,,25,,,UCRwA1NUcUnwsly35ikGhp0A,Noticias Telemundo,News & Politics,14200,18
video::PjmxCj-a9Hg,video,PjmxCj-a9Hg,Conferencia de Prensa del Gobierno de Guatemala. #LaRondaGt,,25,,,UC-ZtFBHzgkYFh7whZkuR_Ag,Gobierno de la República de Guatemala,Entertainment,3628,19
video::TT4qJ5FXHYE,video,TT4qJ5FXHYE,"I’x K’at: el primer equipo guatemalteco de pelota maya, conformado únicamente por mujeres.",,4,,,UCE4rsXcgDb6e1-a9iTbWzfg,Quorum,News & Politics,1075,4
video::UhL9y3KUl8E,video,UhL9y3KUl8E,SHAI WA: la vecina queer de Casa Presidencial,,1,,,UCE4rsXcgDb6e1-a9iTbWzfg,Quorum,News & Politics,1755,1
video::WIUZtitfLRw,video,WIUZtitfLRw,Caminar en una ciudad hecha para carros,,6,,,UCE4rsXcgDb6e1-a9iTbWzfg,Quorum,News & Politics,422,6
video::X_FAIef8qlE,video,X_FAIef8qlE,Cruzando la ciudad a puro Transmetro,,1,,,UCE4rsXcgDb6e1-a9iTbWzfg,Quorum,News & Politics,1140,1
video::b_Hkrkl3adA,video,b_Hkrkl3adA,Bloqueos en Guatemala este 31 de agosto por alza en combustibles afectan rutas principales,,7,,,UCEepOY2svuxbsJ-zsAPT9Fg,PrensaLibreOficial,News & Politics,5469,7
video::is3Mk5oC19g,video,is3Mk5oC19g,Capturan a ladrón que había quedado grabado mientras robaba en una parroquia de Retalhuleu,,7,,,UCt5Dw7ePnn0AqPqRF8Xpjkw,TN23 Guatemala,News & Politics,4616,7
video::j43HgwYFKfk,video,j43HgwYFKfk,La cooptación de Walter Mazariegos en la USAC,,50,,,UCE4rsXcgDb6e1-a9iTbWzfg,Quorum,News & Politics,10156,49
video::lj983NWyAQY,video,lj983NWyAQY,Plan 2032 Ciudad de Guatemala,,25,,,UCXa6LVjBzUtmcM3cwbd9e2w,Municipalidad de Guatemala,News & Politics,304089,25
video::n8iP75gIpmw,video,n8iP75gIpmw,Qué rico come tu diputado,,161,,,UCE4rsXcgDb6e1-a9iTbWzfg,Quorum,News & Politics,11775,128
video::ndAZjHqzzT8,video,ndAZjHqzzT8,Internet: escoger el menos malo,,12,,,UCE4rsXcgDb6e1-a9iTbWzfg,Quorum,News & Politics,717,10
video::s0eco-BofOs,video,s0eco-BofOs,¿Quiénes pagan más en Centroamérica?,,1,,,UCE4rsXcgDb6e1-a9iTbWzfg,Quorum,News & Politics,220,1
video::yLZS3JiEBg8,video,yLZS3JiEBg8,Arroz con pollo a la MONOPOLIO,,16,,,UCE4rsXcgDb6e1-a9iTbWzfg,Quorum,News & Politics,1954,16
video::zweosulrwA8,video,zweosulrwA8,Edén por Salud: empleo inclusivo para personas con discapacidad en Antigua | Super - Episodio 2,,1,,,UCE4rsXcgDb6e1-a9iTbWzfg,Quorum,Nonprofits & Activism,52,1
