node_id,node_type,raw_id,label,comunidad
author::UC-HeUTT6_g-VoiWds2a4H-w,author,UC-HeUTT6_g-VoiWds2a4H-w,@JorgeMunoz-gd9et,4
author::UC-Iul5tDYH_oiAMXQH-KaaQ,author,UC-Iul5tDYH_oiAMXQH-KaaQ,@AlbertoMancilla-p9h,4
author::UC-QOpE7GOxlXcHZ8b7HbQKA,author,UC-QOpE7GOxlXcHZ8b7HbQKA,@mariaalexander427,6
author::UC-fiZBS5Gp1eCJd9ucgWnCg,author,UC-fiZBS5Gp1eCJd9ucgWnCg,@Tommii.10,2
author::UC-hfX8J5JPJ-dfuakzegMLA,author,UC-hfX8J5JPJ-dfuakzegMLA,@normaleticiaorozcojuarez2418,1
author::UC-jS_kA9w-OmpupXDx156Rg,author,UC-jS_kA9w-OmpupXDx156Rg,@simoncreyesc7579,1
author::UC-pNP6RMFuLg_-x7Ah_0kEA,author,UC-pNP6RMFuLg_-x7Ah_0kEA,@almacatalan2717,1
author::UC094EFEmMSdwVa8NQjjYBXg,author,UC094EFEmMSdwVa8NQjjYBXg,@CelestinoQuej-j7k,9
author::UC0HvfEWozTHbwl_iEmJNvVA,author,UC0HvfEWozTHbwl_iEmJNvVA,@OttoPalencia-b7r,4
author::UC0RpuMwkDKJYqgKHtsJRuWQ,author,UC0RpuMwkDKJYqgKHtsJRuWQ,@sabinamarinaguerra3248,5
author::UC0aEyakBPqcBkVJiErfSupQ,author,UC0aEyakBPqcBkVJiErfSupQ,@jhonymanuel9891,5
author::UC14qlobYKqD-DO0j6b75lcA,author,UC14qlobYKqD-DO0j6b75lcA,@megavision4488,4
author::UC1DpqK6vaPEkBOMNvypsKYg,author,UC1DpqK6vaPEkBOMNvypsKYg,@HectorCarranza-u4j4o,2
author::UC1NiEdJ7gk6FlDexIalWnGg,author,UC1NiEdJ7gk6FlDexIalWnGg,@BorisTebalán,4
author::UC1WlJfQmaIskYhP4gmWoamw,author,UC1WlJfQmaIskYhP4gmWoamw,@marthareiss5434,6
author::UC1Y7x3h0c95Z8kUhi-Tzaeg,author,UC1Y7x3h0c95Z8kUhi-Tzaeg,@rosadiaz9235,7
author::UC1vr9aaMI2crB0NvwFHUeoQ,author,UC1vr9aaMI2crB0NvwFHUeoQ,@JoseSimilox-p6e,1
author::UC2Y_EHWQKevubk4vOEBBFxw,author,UC2Y_EHWQKevubk4vOEBBFxw,@alfonsomorales2653,1
author::UC2ngpd8UBQu4gcUYy0goAtg,author,UC2ngpd8UBQu4gcUYy0goAtg,@juliohernandez7438,8
author::UC2weSE8rpqkGMOp6StYtVfg,author,UC2weSE8rpqkGMOp6StYtVfg,@katerynsantiago2907,1
author::UC32oozucwCF3q8d4m8fyOUg,author,UC32oozucwCF3q8d4m8fyOUg,@RauldejesusOlivagonzalez,2
author::UC3E9mAgP7VoAE5mZoAexl5g,author,UC3E9mAgP7VoAE5mZoAexl5g,@EnnioAroche,1
author::UC3MYTqpQqlWBuCB7Th0e0PA,author,UC3MYTqpQqlWBuCB7Th0e0PA,@isaaclopez7220,1
author::UC3NMzdMYryaw82kPTnsaljg,author,UC3NMzdMYryaw82kPTnsaljg,@marisosa7832,1
author::UC3UVO7pTbeYvZ3ILEyRDskQ,author,UC3UVO7pTbeYvZ3ILEyRDskQ,@rosaelenaargueta79,2
author::UC3XTwHxygNCgjndsg-UiCQA,author,UC3XTwHxygNCgjndsg-UiCQA,@marioajset4283,1
author::UC3YpzAr7pcdKC7BVFEpYzog,author,UC3YpzAr7pcdKC7BVFEpYzog,@carmenfigueroa1232,4
author::UC3iIU62XKUOWuqL8BqBzj9A,author,UC3iIU62XKUOWuqL8BqBzj9A,@antonioduarte2288,9
author::UC3qn1yJA5PeW9rkGPatQxiw,author,UC3qn1yJA5PeW9rkGPatQxiw,@VICTOREST19,1
author::UC4Avya4kmR4Q0FrfFdBozSQ,author,UC4Avya4kmR4Q0FrfFdBozSQ,@davidlima1348,2
author::UC4cXueR2bKGFJV0Fk76gwmA,author,UC4cXueR2bKGFJV0Fk76gwmA,@aluxdel4792,1
author::UC4kg7zuTfqQKLd2bkZrSYBA,author,UC4kg7zuTfqQKLd2bkZrSYBA,@zoilagarcia9019,10
author::UC4wq3DcbfaG6dtCqn8Oyu3w,author,UC4wq3DcbfaG6dtCqn8Oyu3w,@hugoasencio7764,1
author::UC5H8ASmMC9WrURmzeB4ySog,author,UC5H8ASmMC9WrURmzeB4ySog,@ManuelEdran,1
author::UC5PrBbmUlQolwqmiru7yZhw,author,UC5PrBbmUlQolwqmiru7yZhw,@lazarochavez8269,9
author::UC5PyGvSfFM--OVKmQ3COu6g,author,UC5PyGvSfFM--OVKmQ3COu6g,@FreddyGmez,5
author::UC5bG9nc_JV3FsNP2KseQiYw,author,UC5bG9nc_JV3FsNP2KseQiYw,@giovannirodas4836,1
author::UC5fvhAfm89JH8eDFdvc0xYw,author,UC5fvhAfm89JH8eDFdvc0xYw,@isaidiaz2388,5
author::UC5hvEnRUzI4Kfvwnyi4QxqQ,author,UC5hvEnRUzI4Kfvwnyi4QxqQ,@leonelsantizo5281,2
author::UC5wuDq3U3vRAhOQI3D7gNdw,author,UC5wuDq3U3vRAhOQI3D7gNdw,@allanreneramirezgonzalez534,3
author::UC63tFvbQ_hJhGDi2nbjssjw,author,UC63tFvbQ_hJhGDi2nbjssjw,@AbigailRodas-w2r,4
author::UC650pRT-OYzny3GwOH8Cgfw,author,UC650pRT-OYzny3GwOH8Cgfw,@edvinparedesherrera7632,1
author::UC6PvO1_k5lHKGdAPo5_C6TA,author,UC6PvO1_k5lHKGdAPo5_C6TA,@johnmejia992,1
author::UC6Uj1FT5JjDSF8vudvDxPAA,author,UC6Uj1FT5JjDSF8vudvDxPAA,@alfredoortega9264,2
author::UC6YSZqL0vEcI-niPKIMUGfw,author,UC6YSZqL0vEcI-niPKIMUGfw,@maxwellsales885,1
author::UC6xI_MOaxajIWpoP8BH6E_Q,author,UC6xI_MOaxajIWpoP8BH6E_Q,@jahirdiaz5862,17
author::UC72gBAtyb_VXQlYDcFrh6oQ,author,UC72gBAtyb_VXQlYDcFrh6oQ,@osmanmorales3012,1
author::UC7IMsCxfZyWN7YQo8-JYa6Q,author,UC7IMsCxfZyWN7YQo8-JYa6Q,@Burgos68,7
author::UC7VUuJr9cGh845CmTvf7TlQ,author,UC7VUuJr9cGh845CmTvf7TlQ,@LuisCastillo-oz4df,1
author::UC7dadZG7kkGYnsNu6td0FbA,author,UC7dadZG7kkGYnsNu6td0FbA,@lesolorzano,2
author::UC816IGbFCZinfYS1LRDaaHg,author,UC816IGbFCZinfYS1LRDaaHg,@ingenieroar,2
author::UC8F2V63KZ4ZEay6opX2hAQw,author,UC8F2V63KZ4ZEay6opX2hAQw,@carmenr6311,1
author::UC8G5cJONY8L9voMyBW8Eoug,author,UC8G5cJONY8L9voMyBW8Eoug,@luisparedes-pw6qt,1
author::UC8r11yOugM2NuRfitQOxLLg,author,UC8r11yOugM2NuRfitQOxLLg,@cesaraugustomoralesmonroy6907,1
author::UC8xlJWNHz1V_W6q3fbuQH8g,author,UC8xlJWNHz1V_W6q3fbuQH8g,@NormaLópez-v7e,7
author::UC95PSMouTx2N5CbSq0hIyrQ,author,UC95PSMouTx2N5CbSq0hIyrQ,@lisss1908,2
author::UC9Wp6vL5oCU37qC3Aj94WZA,author,UC9Wp6vL5oCU37qC3Aj94WZA,@ManuelSanchez-b8q2z,9
author::UC9vMq1YF-e7C-VO0SHkbUTA,author,UC9vMq1YF-e7C-VO0SHkbUTA,@ErvinLeonardoCarreraLatín,1
author::UC9xr9QvIcDvoZNUX5f-jaZw,author,UC9xr9QvIcDvoZNUX5f-jaZw,@MariaaliciaColonmorales,1
author::UCA93ym2TXs_Ibyxb4Vcn-6Q,author,UCA93ym2TXs_Ibyxb4Vcn-6Q,@oswaldosolis8728,1
author::UCAKuKvcbfnBD3kF5njNu-IA,author,UCAKuKvcbfnBD3kF5njNu-IA,@melvinlopez7096,2
author::UCAV7QIjYhbDJaycQycM_0eQ,author,UCAV7QIjYhbDJaycQycM_0eQ,@mariavail8998,7
author::UCAlzM_N6xBlMYmM8EBzX86Q,author,UCAlzM_N6xBlMYmM8EBzX86Q,@carlossoto3252,1
author::UCAmtbUiIrUIhikru0ZoTFig,author,UCAmtbUiIrUIhikru0ZoTFig,@Aura-vf6dm,1
author::UCAxvOOHQk7dYPOajzFEVtbA,author,UCAxvOOHQk7dYPOajzFEVtbA,@ruddydepaz322,8
author::UCB5p8a5gklc80jJItP6xTHg,author,UCB5p8a5gklc80jJItP6xTHg,@ernestogamboa8737,1
author::UCBlm80VQ4YoV3bUJR_XhkaQ,author,UCBlm80VQ4YoV3bUJR_XhkaQ,@rosadiaz6945,6
author::UCBtB5dIyx-C16UN8ClUD2UA,author,UCBtB5dIyx-C16UN8ClUD2UA,@alexmonzon4257,10
author::UCCBYcToQ2dwkd6TJh0FSyDg,author,UCCBYcToQ2dwkd6TJh0FSyDg,@lidiarodriguez3493,2
author::UCCUmP4PlbwgikVFpYwbtRTg,author,UCCUmP4PlbwgikVFpYwbtRTg,@alhvi,3
author::UCCaYwkkbQGcvFoUmothVdQQ,author,UCCaYwkkbQGcvFoUmothVdQQ,@OsvaldoAguirre-l3i,1
author::UCDIMztpVm7G27qBuiWuT6oQ,author,UCDIMztpVm7G27qBuiWuT6oQ,@lizardomorataya8274,1
author::UCDPWkUX3sNNaCx-m1dV4glA,author,UCDPWkUX3sNNaCx-m1dV4glA,@hectoroliva949,1
author::UCDQaQv0hr2SS_PO-CMEwVHg,author,UCDQaQv0hr2SS_PO-CMEwVHg,@federicosaquimux1933,1
author::UCDUffaruH6dyUnUGwsTKpgg,author,UCDUffaruH6dyUnUGwsTKpgg,@luisletona2842,1
author::UCDftMWXQoJ6nONfY7GVOVjg,author,UCDftMWXQoJ6nONfY7GVOVjg,@luisgpacheco5858,1
author::UCDlr1VadSucIZgZ171pRBjQ,author,UCDlr1VadSucIZgZ171pRBjQ,@cuabatzjj5924,1
author::UCDrmf9y9nLgFY5wnA2hTuGA,author,UCDrmf9y9nLgFY5wnA2hTuGA,@laboratorio5528,2
author::UCEHXl4VvvVpq-_4xC5tsbhg,author,UCEHXl4VvvVpq-_4xC5tsbhg,@anibalg47,4
author::UCEgEQmRbtL5fwr9_DqAC--g,author,UCEgEQmRbtL5fwr9_DqAC--g,@ArielRodas-g5y,1
author::UCErZPJpHmLCsXs8ZWkAUupQ,author,UCErZPJpHmLCsXs8ZWkAUupQ,@dorisl.garciaroche7763,1
author::UCFFrEmn6lPYiWyElpfzTy5Q,author,UCFFrEmn6lPYiWyElpfzTy5Q,@denilsonlopez4083,10
author::UCFOxCyF926Y9eHhMeVoWLzw,author,UCFOxCyF926Y9eHhMeVoWLzw,@arielsarc09,5
author::UCFUuDARXdmmIrLppEqf-rFg,author,UCFUuDARXdmmIrLppEqf-rFg,@allanmunoz7410,1
author::UCFhxtoeARHPnXXPcDrOU3Xg,author,UCFhxtoeARHPnXXPcDrOU3Xg,@diegoalejandrolopezmendez205,1
author::UCFjudnPLoaSL1BaRuLahyHg,author,UCFjudnPLoaSL1BaRuLahyHg,@HaroldoCastillo-rh9iw,1
author::UCFoIAE8k82D6AV-8gjjKaNg,author,UCFoIAE8k82D6AV-8gjjKaNg,@eddymunoz9789,1
author::UCFxE8GbokBrBsPEKM1xrOjQ,author,UCFxE8GbokBrBsPEKM1xrOjQ,@JuanDavila-qd7qj,1
author::UCFybmWapGvBKcQod7cPPH9w,author,UCFybmWapGvBKcQod7cPPH9w,@vitalianochavez8382,4
author::UCGGHbtfbbe0o68etrOf0qxw,author,UCGGHbtfbbe0o68etrOf0qxw,@karensussetteleonvargas9794,2
author::UCGX_UbAQOXGZknv5iqklwTA,author,UCGX_UbAQOXGZknv5iqklwTA,@ronaldgarcia8522,7
author::UCGZMgmM92E3njyXNe9-kjAQ,author,UCGZMgmM92E3njyXNe9-kjAQ,@pasionpornada,6
author::UCGj2v6Gl5bN8NSrzJMXS-CA,author,UCGj2v6Gl5bN8NSrzJMXS-CA,@juliogutierrez492,3
author::UCGm3gRBEHGRJYmtCryZLtDw,author,UCGm3gRBEHGRJYmtCryZLtDw,@JoséLopez-g6k,9
author::UCGqKxQS-z3NZzZF-2w338AA,author,UCGqKxQS-z3NZzZF-2w338AA,@samuelaguilar529,5
author::UCGzXwyCzMzGmjmCbH3Hg01Q,author,UCGzXwyCzMzGmjmCbH3Hg01Q,@FidelZacarias-ph7dy,1
author::UCHGd14aYuZZShLD73dkk6mg,author,UCHGd14aYuZZShLD73dkk6mg,@noemiherrera3152,12
author::UCHMQ_lDhibZ-XZ_3fo6oxwg,author,UCHMQ_lDhibZ-XZ_3fo6oxwg,@crislexrubi4387,5
author::UCHTGCgY2l-DQJIvlA_cpa_Q,author,UCHTGCgY2l-DQJIvlA_cpa_Q,@virgiliogarcia3039,1
author::UCHbwIx9pmQuf7i-4_xO2EpA,author,UCHbwIx9pmQuf7i-4_xO2EpA,@caminoseternos752,2
author::UCHhHUjaMAZ8SiXdCUCj9DkQ,author,UCHhHUjaMAZ8SiXdCUCj9DkQ,@fredymendez1786,1
author::UCHu8x4MVkayU6VgwVKd--MQ,author,UCHu8x4MVkayU6VgwVKd--MQ,@Hernandez-i1o,9
author::UCIUhbSCy3-SGRe5UtqM4fzQ,author,UCIUhbSCy3-SGRe5UtqM4fzQ,@jeanmorales1677,5
author::UCIXLDYqR_syskKRJy_x9W9Q,author,UCIXLDYqR_syskKRJy_x9W9Q,@carlitosramirez4739,8
author::UCIgoiXdIKJyUGmUoH2Lxdzg,author,UCIgoiXdIKJyUGmUoH2Lxdzg,@susievidal4134,6
author::UCIp19h9igblA2YKfSLPDAug,author,UCIp19h9igblA2YKfSLPDAug,@JoseReyes-rn6sh,5
author::UCJp3OrVYcBorC94sKwdch_A,author,UCJp3OrVYcBorC94sKwdch_A,@ULJoshmg2011,3
author::UCJxJC56BSAX-ArD0NAb9qnQ,author,UCJxJC56BSAX-ArD0NAb9qnQ,@alfonsowilian9157,13
author::UCKDR0f2fu2UzWL8mBv5-BHw,author,UCKDR0f2fu2UzWL8mBv5-BHw,@mireyamorales6595,1
author::UCKVzDUqbtdSMBcexaEtMmzQ,author,UCKVzDUqbtdSMBcexaEtMmzQ,@rotorairgroup8409,11
author::UCL13XhnRzbGokEkCkEOb0-g,author,UCL13XhnRzbGokEkCkEOb0-g,@raquelprado3643,1
author::UCL1MT278vSaQ83ZDkVWn1gw,author,UCL1MT278vSaQ83ZDkVWn1gw,@elmorodriguez6978,1
author::UCLFdHr9BEbXHkoJopbEPLZw,author,UCLFdHr9BEbXHkoJopbEPLZw,@kanterra4584,1
author::UCLXYp1Cvc5DLtq5UQL5D9vw,author,UCLXYp1Cvc5DLtq5UQL5D9vw,@jorgecifuentes-m5g,8
author::UCLggDc_a5HriXv7I1h02sOA,author,UCLggDc_a5HriXv7I1h02sOA,@guillermogonzalez5153,1
author::UCLh1Kde4_vI1sTZBkTNP7RQ,author,UCLh1Kde4_vI1sTZBkTNP7RQ,@JoelReynoso-d4r,10
author::UCN2N_wYOw6fMwCeSzdXLPIw,author,UCN2N_wYOw6fMwCeSzdXLPIw,@danielantoniogonzalezflore4901,7
author::UCN6qbfPSzFtjhqUDZ3Cv3CQ,author,UCN6qbfPSzFtjhqUDZ3Cv3CQ,@carlosmedranovelasquez6380,1
author::UCNBnKqWf4d-rS4HwJRQljmQ,author,UCNBnKqWf4d-rS4HwJRQljmQ,@LE_A22,1
author::UCNIeXbV_mEwpa412h1aqUWw,author,UCNIeXbV_mEwpa412h1aqUWw,@juandeleon9060,7
author::UCNiMNUJvaRJb0_QLClqwVnA,author,UCNiMNUJvaRJb0_QLClqwVnA,@Santiago.Nolasco,11
author::UCNkcuy42zEwddwEcOd_HpnA,author,UCNkcuy42zEwddwEcOd_HpnA,@vanigomez492,1
author::UCNpt5CQlTzNjlAKY6CJtClQ,author,UCNpt5CQlTzNjlAKY6CJtClQ,@eustaquiogomez9975,2
author::UCO0zwwLWGyDgQmWPJ5Qrr1w,author,UCO0zwwLWGyDgQmWPJ5Qrr1w,@elsalvador3605,8
author::UCOARn3hnfkB7-_Rwa8Hoqcw,author,UCOARn3hnfkB7-_Rwa8Hoqcw,@nicelol5241,3
author::UCOLGv5Pf6BF2wFcwUzgcvHg,author,UCOLGv5Pf6BF2wFcwUzgcvHg,@welfrealdana5559,1
author::UCOLHH4ZpMxPYF-Q6e6wvn5A,author,UCOLHH4ZpMxPYF-Q6e6wvn5A,@luisroldan7374,6
author::UCOS8ViEkccrTZx2w2ccxotA,author,UCOS8ViEkccrTZx2w2ccxotA,@OscarHernandez-q8y,1
author::UCOY3XpD9qMCRSA8AA8c4CAw,author,UCOY3XpD9qMCRSA8AA8c4CAw,@franciscorodas9686,3
author::UCOcUI5XkTYNMSFhZNMIPpGg,author,UCOcUI5XkTYNMSFhZNMIPpGg,@hendersonlopez3864,2
author::UCOh6DaZC_x9HASnlRylEMfw,author,UCOh6DaZC_x9HASnlRylEMfw,@AndresMedina-v1s,1
author::UCPLW0HE3siElqCgXfgWxMqg,author,UCPLW0HE3siElqCgXfgWxMqg,@elizabethmonterroso7719,14
author::UCPNXmbOBVeC4HS-xemvcPtQ,author,UCPNXmbOBVeC4HS-xemvcPtQ,@BelkisRodriguezRamirez,6
author::UCPZueDLrCS4BmTBRMA4q0fA,author,UCPZueDLrCS4BmTBRMA4q0fA,@kevinochoa3695,7
author::UCQIdKuZ-OzuFqy0KjGrgesg,author,UCQIdKuZ-OzuFqy0KjGrgesg,@lyacausa,12
author::UCQM2tCKRRytVDRxNUfCDqQQ,author,UCQM2tCKRRytVDRxNUfCDqQQ,@elioelias7267,15
author::UCQMMuADgqWUOcJpLwHOzC-g,author,UCQMMuADgqWUOcJpLwHOzC-g,@Ripped-Yoda,6
author::UCQ_-LPP8JAbfkc-b1Q6NvWw,author,UCQ_-LPP8JAbfkc-b1Q6NvWw,@MegaKristenstewart,1
author::UCQgYjVngJRfPHDLGB5X6ZjA,author,UCQgYjVngJRfPHDLGB5X6ZjA,@oscarnavas9996,1
author::UCQqetiwzzmRNTM5OWuXarGQ,author,UCQqetiwzzmRNTM5OWuXarGQ,@isaiaslopezvelasquez1539,1
author::UCQqlPPUGqAfWjd-FSh_qn7Q,author,UCQqlPPUGqAfWjd-FSh_qn7Q,@estuardoargueta137,2
author::UCQtICyzWmhC5woCtbNgaSmg,author,UCQtICyzWmhC5woCtbNgaSmg,@nestormendez6216,1
author::UCQtSFINs1h6GHkpg9o5kMvg,author,UCQtSFINs1h6GHkpg9o5kMvg,@MacarioMartinezruiz,1
author::UCQyOePccUP-fIJYzchAgZYw,author,UCQyOePccUP-fIJYzchAgZYw,@aguilar4254,2
author::UCRAquv8el-tQ30bN7MlmySQ,author,UCRAquv8el-tQ30bN7MlmySQ,@iamjimalesssa,2
author::UCRETAiYdh2dL5ZxB0_N1zDA,author,UCRETAiYdh2dL5ZxB0_N1zDA,@Joseroland21,1
author::UCRcSR3Lvn9DZAmJpVPANfZQ,author,UCRcSR3Lvn9DZAmJpVPANfZQ,@WalksandSuch,5
author::UCRelkU8JiZBytTzebJxaa-w,author,UCRelkU8JiZBytTzebJxaa-w,@danyraymundo2942,1
author::UCRfkkatKrNtAARnXMMYBGlA,author,UCRfkkatKrNtAARnXMMYBGlA,@BernerSoza-mg3vx,4
author::UCRlCV9zSn7avAWh-9_XFWqQ,author,UCRlCV9zSn7avAWh-9_XFWqQ,@ronyarana8849,1
author::UCRvPToDkkumha7WJAfCDk1A,author,UCRvPToDkkumha7WJAfCDk1A,@ligiaguerra3057,2
author::UCRznz9-N3Qc1w-qNdLSIY2Q,author,UCRznz9-N3Qc1w-qNdLSIY2Q,@jimmygomez724,5
author::UCSTAUWVc1_82DHYeqOsqEFA,author,UCSTAUWVc1_82DHYeqOsqEFA,@TheAlexX_C,5
author::UCSou6a2OuYGSvPjm5psquyA,author,UCSou6a2OuYGSvPjm5psquyA,@FranciscoRivera-sf7ne,1
author::UCTD6q1nyIe3Y7HhqjaMj72w,author,UCTD6q1nyIe3Y7HhqjaMj72w,@JuanChang-r6k,1
author::UCTP3O0rMnc8z8v8jaDQwL0w,author,UCTP3O0rMnc8z8v8jaDQwL0w,@RobertoZelaya-x1v,1
author::UCTTILH6QCIxbTnEWxwRqs1g,author,UCTTILH6QCIxbTnEWxwRqs1g,@3762Jorge,3
author::UCThW2XNsAaBKme5PUt7n-Zg,author,UCThW2XNsAaBKme5PUt7n-Zg,@thelmamoran8565,1
author::UCTwSut16JyAg3mX6LVUNGqA,author,UCTwSut16JyAg3mX6LVUNGqA,@SuperVictor2005,1
author::UCTylKrsqkrBKIqubMu_5N0Q,author,UCTylKrsqkrBKIqubMu_5N0Q,@edwingeovanymarroquinmarro6684,1
author::UCUIIIPTVDVHAXqhC_5V6lPA,author,UCUIIIPTVDVHAXqhC_5V6lPA,@gorrarota,1
author::UCUoYsrx1oZnCZ0usbBJn4fA,author,UCUoYsrx1oZnCZ0usbBJn4fA,@AnaDiaz-re9sq,2
author::UCV0iizTBoOfdAFX_thfI9BA,author,UCV0iizTBoOfdAFX_thfI9BA,@BenjaminLarios-jd8nk,1
author::UCV0lM03g5fg5pbPj97-sAtA,author,UCV0lM03g5fg5pbPj97-sAtA,@genarodelgado3929,2
author::UCV3fr-YOixFKCZBbJP1-X4w,author,UCV3fr-YOixFKCZBbJP1-X4w,@albertoshernandez5251,4
author::UCVC2QugcI1G4RvlCiUqd1aQ,author,UCVC2QugcI1G4RvlCiUqd1aQ,@rwdm76,3
author::UCVQf0tzL7xRzFJsABVVULpg,author,UCVQf0tzL7xRzFJsABVVULpg,@DennisseLopetegi,7
author::UCVdjCrh4tQoX3haNAZv-n5A,author,UCVdjCrh4tQoX3haNAZv-n5A,@aurahernandez5646,6
author::UCVhif9eV0f8plICen2DnpKA,author,UCVhif9eV0f8plICen2DnpKA,@blogarteplus,3
author::UCW-JC6lebVmf2P1dmY_L94g,author,UCW-JC6lebVmf2P1dmY_L94g,@dinoraoroxon5771,2
author::UCW80DaMjQlEUibC98Cot-Dg,author,UCW80DaMjQlEUibC98Cot-Dg,@rogeraldana4289,2
author::UCWIZUtKJ636y-4TYrNvok0g,author,UCWIZUtKJ636y-4TYrNvok0g,@cesarandreas7824,1
author::UCWWkebAekppaL5b5CNlppuw,author,UCWWkebAekppaL5b5CNlppuw,@ninettmartinez425,12
author::UCWaRixDdpgllTBf4V0jPnKQ,author,UCWaRixDdpgllTBf4V0jPnKQ,@hectormaaz5523,4
author::UCWoAVGVqCn4xtINCMOTM4jg,author,UCWoAVGVqCn4xtINCMOTM4jg,@OmarMartinez-vv8re,2
author::UCWvntqPQx99k_Z_skWKqNSA,author,UCWvntqPQx99k_Z_skWKqNSA,@AntonioChiyal-x5s,4
author::UCXN2s7DwTJm33xO-pNkAdaA,author,UCXN2s7DwTJm33xO-pNkAdaA,@edithsan7688,8
author::UCXO1BBohNWXkK9SBDAG2ySg,author,UCXO1BBohNWXkK9SBDAG2ySg,@JBFlute92,3
author::UCXSkL3ejZ8qWYyF_M7s_QKA,author,UCXSkL3ejZ8qWYyF_M7s_QKA,@JacintaTzoy,1
author::UCXVLc8CmAO813ubM-fLvCDw,author,UCXVLc8CmAO813ubM-fLvCDw,@herminiasaquimux7565,3
author::UCXXh7yg5KUFIWylTiKVEFKQ,author,UCXXh7yg5KUFIWylTiKVEFKQ,@MrDuenderojo,1
author::UCXgr7vXlRrsaskPdo097kGA,author,UCXgr7vXlRrsaskPdo097kGA,@Rogergh-nw4oj,1
author::UCXl30Y_upRqbti52fmjK4YA,author,UCXl30Y_upRqbti52fmjK4YA,@capitanfrans,3
author::UCXmrpc6Li0spcKxtS0Q_ptg,author,UCXmrpc6Li0spcKxtS0Q_ptg,@melvinperez6710,5
author::UCXr8_5WtGeipe4haOoQDgyQ,author,UCXr8_5WtGeipe4haOoQDgyQ,@amyherrera7352,1
author::UCY7Hq7F9Lnucf-Yr6JkHZNw,author,UCY7Hq7F9Lnucf-Yr6JkHZNw,@maynorcalel1442,5
author::UCYN4wSQ1Sx4_LurxLlW7MPg,author,UCYN4wSQ1Sx4_LurxLlW7MPg,@belarminavillatoro6474,1
author::UCYwpX26TrCxq8TvbKGRYLXA,author,UCYwpX26TrCxq8TvbKGRYLXA,@beneficioelcaminovillacana8540,1
author::UCZ51R_9Q9C0c8I3pAWhtmjQ,author,UCZ51R_9Q9C0c8I3pAWhtmjQ,@belvettzapeta1251,1
author::UCZFQwqh90apuL8eFhvRBkUg,author,UCZFQwqh90apuL8eFhvRBkUg,@luisricardo9671,4
author::UCZIQnb1fkwe39Iw2TAu-bGA,author,UCZIQnb1fkwe39Iw2TAu-bGA,@jorgegomez2237,3
author::UCZLG9qH0tUjNhEGFIUt0CYw,author,UCZLG9qH0tUjNhEGFIUt0CYw,@SoniaMarroquin-y6e,1
author::UCZOmq6MwFDVoCaEl99BRRaw,author,UCZOmq6MwFDVoCaEl99BRRaw,@daniloarevalo3170,3
author::UCZeIIQrGAedW8tCbKWmGY-A,author,UCZeIIQrGAedW8tCbKWmGY-A,@mariocordon8873,2
author::UCZjm6U576nX8WOiLhmMR3bw,author,UCZjm6U576nX8WOiLhmMR3bw,@MariaNavarroYT,6
author::UC_3xuTXvMIWU5MYP9HkJ3vQ,author,UC_3xuTXvMIWU5MYP9HkJ3vQ,@Historia-wm4os,8
author::UC_6KbBY1bsYXz9fwFS0eQRg,author,UC_6KbBY1bsYXz9fwFS0eQRg,@imrcp5694,3
author::UC_LYoGs5C3mbZKZuKuqYCvw,author,UC_LYoGs5C3mbZKZuKuqYCvw,@javiercifuentesarchila6041,2
author::UC_NRVt2UP88ZNTwzrZ66JSg,author,UC_NRVt2UP88ZNTwzrZ66JSg,@aditalissethevasquezrojas8039,16
author::UC_ljZ1hZXR9pzexFz87P5ZA,author,UC_ljZ1hZXR9pzexFz87P5ZA,@ChRiStOpHeR7969,5
author::UCa36MjQLoPAmgJo-R3G8WQA,author,UCa36MjQLoPAmgJo-R3G8WQA,@elsasalguero6914,4
author::UCaKAjTW9MVub_clgr4DRYjQ,author,UCaKAjTW9MVub_clgr4DRYjQ,@josecastillo4390,2
author::UCaT4saRcyqCLE657Rq2hhZQ,author,UCaT4saRcyqCLE657Rq2hhZQ,@elmilenial4064,4
author::UCaT6M2zp7X6r6Whd8Vv3kHQ,author,UCaT6M2zp7X6r6Whd8Vv3kHQ,@alexarcos8349,5
author::UCat2qkYvqmtDNEmo2PVuhXw,author,UCat2qkYvqmtDNEmo2PVuhXw,@DoraSalas-j5o,6
author::UCbNanjFI51cwGqMAb2rOrBw,author,UCbNanjFI51cwGqMAb2rOrBw,@RosaMontesdeOca777,6
author::UCbYoNG5J3Au5BqtbXogfEFw,author,UCbYoNG5J3Au5BqtbXogfEFw,@Luis-gn3fj,7
author::UCbrtvygfRT6QXqWDNrOf-cA,author,UCbrtvygfRT6QXqWDNrOf-cA,@Alejandro00710,3
author::UCcFIBN-rtC3d3hXeuN5TfWw,author,UCcFIBN-rtC3d3hXeuN5TfWw,@DenisRMC,3
author::UCc_F88PzGWtA1OPNUEASulA,author,UCc_F88PzGWtA1OPNUEASulA,@rockyscarlet,3
author::UCcfdg8crmMJwEuLUsAhV7yg,author,UCcfdg8crmMJwEuLUsAhV7yg,@RolandoRaguay,1
author::UCdFlugHJJa4l3YqWuNRmvXw,author,UCdFlugHJJa4l3YqWuNRmvXw,@MarcosCarillo-b1r,10
author::UCdQAuWwyC99MB7Y02Umj26Q,author,UCdQAuWwyC99MB7Y02Umj26Q,@miguelbran1268,3
author::UCe8JZoYkX5oKUZyivHYdXhw,author,UCe8JZoYkX5oKUZyivHYdXhw,@FernandoGarcia-jg1fj,2
author::UCeDNEtI8_a42bZ47wJiJMwQ,author,UCeDNEtI8_a42bZ47wJiJMwQ,@EdgarcalderonCalderong,2
author::UCeQk-WfEA-cJRq4EKeE7TOw,author,UCeQk-WfEA-cJRq4EKeE7TOw,@franciscojuarez9223,4
author::UCefAH1MbvADWUjE9WVcB9EQ,author,UCefAH1MbvADWUjE9WVcB9EQ,@jabriz8152,3
author::UCf5lnNZF7Qrtli9v4N_23WQ,author,UCf5lnNZF7Qrtli9v4N_23WQ,@CarlosCortez-v5r,7
author::UCfM3nrxtTQMY5jFx1v1J4Gg,author,UCfM3nrxtTQMY5jFx1v1J4Gg,@edgarroldan5539,1
author::UCfRqgt2O-vjzUDMZY_tnxQw,author,UCfRqgt2O-vjzUDMZY_tnxQw,@Williams-Garcia67E,10
author::UCfXykdbSU97rj987LDUGfvg,author,UCfXykdbSU97rj987LDUGfvg,@MariaSantos-c8y3h,8
author::UCfjhejO7LZy4doXURa7LZCQ,author,UCfjhejO7LZy4doXURa7LZCQ,@HonwayLee-z5g,8
author::UCfo_yUPzy1f1POwwZxhZ06Q,author,UCfo_yUPzy1f1POwwZxhZ06Q,@lara11roberto,4
author::UCg3eIfd7BrsLEqS0BLkftHA,author,UCg3eIfd7BrsLEqS0BLkftHA,@ErmePérez-q4s,7
author::UCgGqw4aqMdMVSGkKiMgrJRQ,author,UCgGqw4aqMdMVSGkKiMgrJRQ,@pattyfigueroa5609,4
author::UCgJNFj5dnxXpcMvmuhZDPxA,author,UCgJNFj5dnxXpcMvmuhZDPxA,@NataliaRodriguez-rx5mr,2
author::UCgLrWFdYitoP-b7-PxtUr-w,author,UCgLrWFdYitoP-b7-PxtUr-w,@zetag,5
author::UCgLurCo-e019HGODcjXHWCw,author,UCgLurCo-e019HGODcjXHWCw,@perritojuega1,5
author::UCgQJgI9vu1FI2dnC9mrFthw,author,UCgQJgI9vu1FI2dnC9mrFthw,@srms70,7
author::UCgQw_Sbq3ugruDUKsq1e0-A,author,UCgQw_Sbq3ugruDUKsq1e0-A,@marlenareano-h4t,2
author::UCgvw7xIdGFupzpt1Y_BFkEA,author,UCgvw7xIdGFupzpt1Y_BFkEA,@fredygarcia9151,1
author::UCh5ESQvtzyHDhCA7XyekCFA,author,UCh5ESQvtzyHDhCA7XyekCFA,@andyB5280,1
author::UChT7pzGytNd92Nmvi-zuWog,author,UChT7pzGytNd92Nmvi-zuWog,@sparkvalkov,3
author::UChZknRmJkeGeQk0-mQuhDOg,author,UChZknRmJkeGeQk0-mQuhDOg,@OdilioRodríguez-c5w,1
author::UCheEJ5GZuIvV0fj-nXyVwXw,author,UCheEJ5GZuIvV0fj-nXyVwXw,@rosaoliva9389,4
author::UChep9kVb5gQmpodEEl10Xlg,author,UChep9kVb5gQmpodEEl10Xlg,@carlosaguilar-kz7ml,1
author::UChgkn5Jt5tWKYMoEOuCjz3Q,author,UChgkn5Jt5tWKYMoEOuCjz3Q,@pablochitay46,1
author::UChs3tU2BcKOT0CezykvAsGw,author,UChs3tU2BcKOT0CezykvAsGw,@byronpontaza,1
author::UChyps3dqY-VY1_wLeq-2lhw,author,UChyps3dqY-VY1_wLeq-2lhw,@maydamorales4395,4
author::UCi-vPdnpQreC7BkFs40mJGA,author,UCi-vPdnpQreC7BkFs40mJGA,@bryansicasales4280,5
author::UCi1b_TRQfgO1Z9O2gNGGWNA,author,UCi1b_TRQfgO1Z9O2gNGGWNA,@davidisraelesquitsaquil,1
author::UCi2KiZq63sRq8Mfbcp-MelQ,author,UCi2KiZq63sRq8Mfbcp-MelQ,@eugeneramirez4405,6
author::UCiC-Jn7wdgyQV4_Urk0DkWQ,author,UCiC-Jn7wdgyQV4_Urk0DkWQ,@pedroros6358,2
author::UCiGRBf2RNF0WRKhRVT7zFoA,author,UCiGRBf2RNF0WRKhRVT7zFoA,@edwinavila4876,1
author::UCiMythXHsw7eQEMykCdmMUA,author,UCiMythXHsw7eQEMykCdmMUA,@JavierBecerra-h6x,1
author::UCiOZX__1gahg1ypIj0_XG_w,author,UCiOZX__1gahg1ypIj0_XG_w,@mariogonzalezorellana8956,4
author::UCipetjeiWj4CZB6EbyYziZg,author,UCipetjeiWj4CZB6EbyYziZg,@OseasSamayoa-ol5rz,1
author::UCj-LL25XJnjxepPKCc3NGog,author,UCj-LL25XJnjxepPKCc3NGog,@anaaguirre8985,1
author::UCjJf-AJKRFFWtiN-CSwkDmA,author,UCjJf-AJKRFFWtiN-CSwkDmA,@2jose82,3
author::UCjSKM9j0Q7HLDr1hD6D-TUw,author,UCjSKM9j0Q7HLDr1hD6D-TUw,@josehidalgo4875,1
author::UCjZgFEowMBrsjodqfovzdKw,author,UCjZgFEowMBrsjodqfovzdKw,@franciscoflores3120,8
author::UCjmPuazZJzscrwvk0QR9RVw,author,UCjmPuazZJzscrwvk0QR9RVw,@mynorrodas8591,1
author::UCk4O-J1BhoqPmig1KLGJePA,author,UCk4O-J1BhoqPmig1KLGJePA,@lazarobarillas3575,10
author::UCkVtmkK07b2zaVVNssX4lOg,author,UCkVtmkK07b2zaVVNssX4lOg,@HectorElias-u2l,2
author::UCkbsS_3D-pvg1iHOld9uvIg,author,UCkbsS_3D-pvg1iHOld9uvIg,@gonzalo6075,2
author::UCkd9W714-947dEE6ZOEBATA,author,UCkd9W714-947dEE6ZOEBATA,@ARGELIATELON,1
author::UCkxdJ_yGN2gghOMo2ybQtXQ,author,UCkxdJ_yGN2gghOMo2ybQtXQ,@11223344An,3
author::UCl0ekS9Tt0jJGtOEM18S63w,author,UCl0ekS9Tt0jJGtOEM18S63w,@monkchapin,1
author::UCld2stqxaVSk0QdGncM224A,author,UCld2stqxaVSk0QdGncM224A,@sarahernandez3873,11
author::UClhMWQ7XKWywYvbRnuf8QsA,author,UClhMWQ7XKWywYvbRnuf8QsA,@EcPerez-zz9oh,2
author::UCljDbleJul41G1TzOjOZAVA,author,UCljDbleJul41G1TzOjOZAVA,@hectorcarranza3777,1
author::UClqA491Xa5fQcXcJJa-vTWw,author,UClqA491Xa5fQcXcJJa-vTWw,@AndresLemus-k2d,2
author::UClsrFGJKWPxxw7MiaEdKLXw,author,UClsrFGJKWPxxw7MiaEdKLXw,@ericapaz5406,7
author::UCmjppp6ujz3SAnULvP3sZMw,author,UCmjppp6ujz3SAnULvP3sZMw,@marcomendez7509,1
author::UCmvOgzmmXbjUthHy-WJ52hQ,author,UCmvOgzmmXbjUthHy-WJ52hQ,@mariorodas593,1
author::UCnU8wO1OurAmGstDw6VGjgQ,author,UCnU8wO1OurAmGstDw6VGjgQ,@cmorera21,3
author::UCoGdCoJg2Lh0OX_jv6cG16g,author,UCoGdCoJg2Lh0OX_jv6cG16g,@Israel-u5i7i,4
author::UColMq7LmaoY3MT6aIDGrGvA,author,UColMq7LmaoY3MT6aIDGrGvA,@quijotachapina1,2
author::UCozFYHN0e_-vlQbX3wQGOug,author,UCozFYHN0e_-vlQbX3wQGOug,@jesusguzman2321,6
author::UCp29O_C7cchZV8IxV7Crdag,author,UCp29O_C7cchZV8IxV7Crdag,@robertoescobar5507,4
author::UCp4iw5_5SmV9VGTFSNVGOmQ,author,UCp4iw5_5SmV9VGTFSNVGOmQ,@CARLOSSTREMS51,1
author::UCpIdtvoFHVLGASGB5ySqIEA,author,UCpIdtvoFHVLGASGB5ySqIEA,@VidalVillatoro-p4w,1
author::UCp_dAUfv8i3LW3zWc24dLaQ,author,UCp_dAUfv8i3LW3zWc24dLaQ,@MarioCortez-o6v,6
author::UCpe5jW3MIqkgTJ-PgkzvM6Q,author,UCpe5jW3MIqkgTJ-PgkzvM6Q,@carloslam5333,2
author::UCpl8rF8uv_8uui-QRvuJaRA,author,UCpl8rF8uv_8uui-QRvuJaRA,@SergioGarcia-z9c,1
author::UCplrIQtaPj6au60_f2-mOYw,author,UCplrIQtaPj6au60_f2-mOYw,@romeolopezherrarte799,1
author::UCpsKOkt5iWTbenzeuq7dsmQ,author,UCpsKOkt5iWTbenzeuq7dsmQ,@inge_vergueta,3
author::UCq3mDTTRZnUybct5M9OSXbg,author,UCq3mDTTRZnUybct5M9OSXbg,@MacoMorales-i2i2d,8
author::UCqCrvuoJpC-aVb0f4logQRQ,author,UCqCrvuoJpC-aVb0f4logQRQ,@Lyrics_GT,2
author::UCqilIa8r7iek5sGYg_q6ofA,author,UCqilIa8r7iek5sGYg_q6ofA,@rolandojuchuna484,5
author::UCql1n3Ey6ULMSOACjMe-fxQ,author,UCql1n3Ey6ULMSOACjMe-fxQ,@RolandoGonzalez-o7g,4
author::UCr1emrogPKkKTs_WTtx71xg,author,UCr1emrogPKkKTs_WTtx71xg,@domingopeneleu6457,1
author::UCrJn_rbo_ENAdeqneS-RmRw,author,UCrJn_rbo_ENAdeqneS-RmRw,@josecarrera9623,1
author::UCrqXyRsg-_hTosURZ-uvoKg,author,UCrqXyRsg-_hTosURZ-uvoKg,@flornolberto2425,6
author::UCsGoJEvb-cFPZ2rWoJcXzEQ,author,UCsGoJEvb-cFPZ2rWoJcXzEQ,@sergiohinestroza9709,2
author::UCsJJAvrVGupdmhOqgtDp8dg,author,UCsJJAvrVGupdmhOqgtDp8dg,@nestorlorenzana1168,1
author::UCsSXdJct-nsS8DsABoEsaYA,author,UCsSXdJct-nsS8DsABoEsaYA,@IvánPérez-j4j,1
author::UCsUCN0Yq_UyTvKjOJLmNrnQ,author,UCsUCN0Yq_UyTvKjOJLmNrnQ,@moisesvaldez4043,9
author::UCs_5qeqdku9tGAq22y3OcuQ,author,UCs_5qeqdku9tGAq22y3OcuQ,@alexandrevasquez4135,5
author::UCsjs5Hp_r86x1xbK6FAeqaA,author,UCsjs5Hp_r86x1xbK6FAeqaA,@alvaroesquivel563,1
author::UCtCtts20bW6F9CSohau51Iw,author,UCtCtts20bW6F9CSohau51Iw,@carlosgranados9875,4
author::UCtMBF_1O2jY2INlb_luuB_A,author,UCtMBF_1O2jY2INlb_luuB_A,@mynorgudiel8646,5
author::UCtNfIBnc5S5DbbQj_yxgJTw,author,UCtNfIBnc5S5DbbQj_yxgJTw,@JosueRamirez-ey3ih,1
author::UCtNyHmRZtvGF2hSvI2dUBWw,author,UCtNyHmRZtvGF2hSvI2dUBWw,@aureliomaldonado4793,7
author::UCtUR3_CAiE7fCoZHM6cMfyQ,author,UCtUR3_CAiE7fCoZHM6cMfyQ,@mdelcid01,1
author::UCtiHFjFu7d5v2XxHnKFUYig,author,UCtiHFjFu7d5v2XxHnKFUYig,@Paul-gf7ec,6
author::UCtowGNY2lnlg6O2CkwDgkLg,author,UCtowGNY2lnlg6O2CkwDgkLg,@taniagabrielacelis8434,11
author::UCtsxPYw8VUsH_FfnKg-0lmw,author,UCtsxPYw8VUsH_FfnKg-0lmw,@AlejandroPérez-b6r,4
author::UCu8_3-Wg-YzNyvHYQDEscfw,author,UCu8_3-Wg-YzNyvHYQDEscfw,@RolandoCastroPérez-d7y,2
author::UCuP4UK33HKtJE_S39ksmaTw,author,UCuP4UK33HKtJE_S39ksmaTw,@herbertaguilar1387,7
author::UCuXmOjxC-htcprLgeVXz6Tg,author,UCuXmOjxC-htcprLgeVXz6Tg,@jorgeaguilar-bq3uj,2
author::UCueV9cTyTDwgQSec1x2dYgA,author,UCueV9cTyTDwgQSec1x2dYgA,@fredydomingo7062,1
author::UCujPF2nBgsTD62nWE3lcpIg,author,UCujPF2nBgsTD62nWE3lcpIg,@victorarturoruanobautista7588,1
author::UCusjriFsDHEc2AOjqk-p5ig,author,UCusjriFsDHEc2AOjqk-p5ig,@pablobarrios7931,7
author::UCut6b9S98nv84cVX89PmKzA,author,UCut6b9S98nv84cVX89PmKzA,@yeniferaguirre4498,1
author::UCvApqeCbLod-wejtT4CcVuA,author,UCvApqeCbLod-wejtT4CcVuA,@davidgaher9550,1
author::UCvDwJBBY1mHK70aTEYl6rsA,author,UCvDwJBBY1mHK70aTEYl6rsA,@cristianescobedo8296,4
author::UCvcu1kR8xMYy_I1Ty-2mV2Q,author,UCvcu1kR8xMYy_I1Ty-2mV2Q,@hashojea7348,3
author::UCvl1tzQeBeGy6efPTRJXSCw,author,UCvl1tzQeBeGy6efPTRJXSCw,@RaulPerez-cw2vi,8
author::UCwCfs-2zbD5k0lG-UVg_JBw,author,UCwCfs-2zbD5k0lG-UVg_JBw,@JessicaHuaz-96,8
author::UCwEe1RKlEv1UpNWmWYfSh4w,author,UCwEe1RKlEv1UpNWmWYfSh4w,@marioramirez299,3
author::UCwO2SXr0ggzwg6QWWrr01nQ,author,UCwO2SXr0ggzwg6QWWrr01nQ,@ricardofigueroa5720,1
author::UCwUAv3_LpWVtTIi7lkmTL7A,author,UCwUAv3_LpWVtTIi7lkmTL7A,@kingr4706,5
author::UCwW2OFy95P7ZBkOPxWkpvYg,author,UCwW2OFy95P7ZBkOPxWkpvYg,@TeresaLucero-b5o,1
author::UCwgCc9Jd_gG-uLE_SY-FfPg,author,UCwgCc9Jd_gG-uLE_SY-FfPg,@armindapenados2841,2
author::UCwha8rxULYMVtNwZWeSkE1A,author,UCwha8rxULYMVtNwZWeSkE1A,@mariasamo8637,1
author::UCwjUvRseNtJoItylIyIez7Q,author,UCwjUvRseNtJoItylIyIez7Q,@Silviazea,2
author::UCwxoKK59nGCeBqB2sXfDBIw,author,UCwxoKK59nGCeBqB2sXfDBIw,@vic-bonivideos,4
author::UCxKR3RA8T-kxMgq_2WWhRcQ,author,UCxKR3RA8T-kxMgq_2WWhRcQ,@elenaluarca9377,5
author::UCxcoDvP-g2_KTZDmVZtvb3w,author,UCxcoDvP-g2_KTZDmVZtvb3w,@angelmartinez9523,3
author::UCxff05WuyvwELNITi7bj7UA,author,UCxff05WuyvwELNITi7bj7UA,@markoherrera,1
author::UCxhtlxPV8AYWaNNyU6S9H8Q,author,UCxhtlxPV8AYWaNNyU6S9H8Q,@WilR-s8r,6
author::UCyJhqmMbsvjpoarBBStA2kg,author,UCyJhqmMbsvjpoarBBStA2kg,@Murmullodelbarrio,4
author::UCySYJU5kUh7X8gVt9la2ISA,author,UCySYJU5kUh7X8gVt9la2ISA,@dantesarti4351,1
author::UCyW68EGZey4ao_Vf2cR5Ztg,author,UCyW68EGZey4ao_Vf2cR5Ztg,@ZabalaXabier,3
author::UCylqlpsh8ENNM1LqgQ1KbxA,author,UCylqlpsh8ENNM1LqgQ1KbxA,@Jel.Awesh.M,2
author::UCyor0Mmm0ivLX2jIdyGp84Q,author,UCyor0Mmm0ivLX2jIdyGp84Q,@MiguelJordan-n3g,13
author::UCyzf29IYjNw67gGIfsjgtxA,author,UCyzf29IYjNw67gGIfsjgtxA,@carlosoliva9249,5
author::UCz3gu01bmjNv0DpRq-K3XYg,author,UCz3gu01bmjNv0DpRq-K3XYg,@eusebiovasquez4385,1
author::UCzSfZlOVxBSs5ObD25ywxDQ,author,UCzSfZlOVxBSs5ObD25ywxDQ,@GilmarMaldonado-q9m,1
author::UCzZ6dDCEsLMXbc5pCFXIprw,author,UCzZ6dDCEsLMXbc5pCFXIprw,@josegil3813,7
author::UCzoL2l5H5eVlorWGH8AZfAg,author,UCzoL2l5H5eVlorWGH8AZfAg,@jor77cas,1
video::06mFNPU0aB8,video,06mFNPU0aB8,Capturan a presuntos delincuentes disfrazados de mujer señalados de cometer asalto,8
video::3Nfp9h5avBI,video,3Nfp9h5avBI,"Noticiero en Directo 1 pm, 28 de Agosto de 2026",13
video::6W4u8sGEnGM,video,6W4u8sGEnGM,Inician los trabajos de recuperación del Puente Belice II.,4
video::JkpVO1hx2f8,video,JkpVO1hx2f8,10 Preguntas a un año del Paro Nacional,12
video::OkXlHx0hx-8,video,OkXlHx0hx-8,EE.UU. envía a mexicanos deportados a Guatemala antes de su regreso a México | Noticias Telemundo,6
video::PjmxCj-a9Hg,video,PjmxCj-a9Hg,Conferencia de Prensa del Gobierno de Guatemala. #LaRondaGt,7
video::TT4qJ5FXHYE,video,TT4qJ5FXHYE,"I’x K’at: el primer equipo guatemalteco de pelota maya, conformado únicamente por mujeres.",11
video::UhL9y3KUl8E,video,UhL9y3KUl8E,SHAI WA: la vecina queer de Casa Presidencial,16
video::WIUZtitfLRw,video,WIUZtitfLRw,Caminar en una ciudad hecha para carros,3
video::X_FAIef8qlE,video,X_FAIef8qlE,Cruzando la ciudad a puro Transmetro,14
video::b_Hkrkl3adA,video,b_Hkrkl3adA,Bloqueos en Guatemala este 31 de agosto por alza en combustibles afectan rutas principales,9
video::is3Mk5oC19g,video,is3Mk5oC19g,Capturan a ladrón que había quedado grabado mientras robaba en una parroquia de Retalhuleu,10
video::j43HgwYFKfk,video,j43HgwYFKfk,La cooptación de Walter Mazariegos en la USAC,2
video::lj983NWyAQY,video,lj983NWyAQY,Plan 2032 Ciudad de Guatemala,5
video::n8iP75gIpmw,video,n8iP75gIpmw,Qué rico come tu diputado,1
video::ndAZjHqzzT8,video,ndAZjHqzzT8,Internet: escoger el menos malo,3
video::s0eco-BofOs,video,s0eco-BofOs,¿Quiénes pagan más en Centroamérica?,17
video::yLZS3JiEBg8,video,yLZS3JiEBg8,Arroz con pollo a la MONOPOLIO,3
video::zweosulrwA8,video,zweosulrwA8,Edén por Salud: empleo inclusivo para personas con discapacidad en Antigua | Super - Episodio 2,15
