comment_id,video_id,author_channel_id,comunidad_video,comunidad_autor
Ugw-J65a1iYL9hqhELh4AaABAg,j43HgwYFKfk,UCdFlugHJJa4l3YqWuNRmvXw,2,10
Ugw-ZT9t9wU2V-tCaUZ4AaABAg,06mFNPU0aB8,UCvl1tzQeBeGy6efPTRJXSCw,8,8
Ugw0xaOb2CYXXoudtwJ4AaABAg,j43HgwYFKfk,UCRAquv8el-tQ30bN7MlmySQ,2,2
Ugw0xgUc2ISpBr5_T654AaABAg,j43HgwYFKfk,UCkbsS_3D-pvg1iHOld9uvIg,2,2
Ugw1ZzA21njWhaqQQTh4AaABAg,OkXlHx0hx-8,UCOLHH4ZpMxPYF-Q6e6wvn5A,6,6
Ugw1ZzA21njWhaqQQTh4AaABAg.Aa9Tf29tBouAaB_XZQglTL,OkXlHx0hx-8,UCi2KiZq63sRq8Mfbcp-MelQ,6,6
Ugw2014OIYf336oytFt4AaABAg,yLZS3JiEBg8,UCXl30Y_upRqbti52fmjK4YA,3,3
Ugw2bSVOoNn2pc8ZcUl4AaABAg,n8iP75gIpmw,UCRelkU8JiZBytTzebJxaa-w,1,1
Ugw3gnUvLp6AqO0_odt4AaABAg,lj983NWyAQY,UCgLurCo-e019HGODcjXHWCw,5,5
Ugw4C1ijI36l6LAiSZh4AaABAg,n8iP75gIpmw,UCDIMztpVm7G27qBuiWuT6oQ,1,1
Ugw4St_YnT9_Ya5xSPt4AaABAg,ndAZjHqzzT8,UCZOmq6MwFDVoCaEl99BRRaw,3,3
Ugw4ccnmIWJaE6VNRWN4AaABAg,6W4u8sGEnGM,UCFybmWapGvBKcQod7cPPH9w,4,4
Ugw5E402-fn52PLXFIJ4AaABAg,n8iP75gIpmw,UCh5ESQvtzyHDhCA7XyekCFA,1,1
Ugw5URsiAF9QVoniY-l4AaABAg,n8iP75gIpmw,UCWIZUtKJ636y-4TYrNvok0g,1,1
Ugw5xMAuDaygo77ynI94AaABAg,n8iP75gIpmw,UCzoL2l5H5eVlorWGH8AZfAg,1,1
Ugw6cfXYfV4H-asKlDR4AaABAg,TT4qJ5FXHYE,UCKVzDUqbtdSMBcexaEtMmzQ,11,11
Ugw74asIfir0_SVC6OB4AaABAg,j43HgwYFKfk,UCNpt5CQlTzNjlAKY6CJtClQ,2,2
Ugw86zOgTwKzYotlT9l4AaABAg,n8iP75gIpmw,UCut6b9S98nv84cVX89PmKzA,1,1
Ugw8iZ_G2Cwq-9ZYctt4AaABAg,j43HgwYFKfk,UCQyOePccUP-fIJYzchAgZYw,2,2
Ugw8pyxscJNUQpfoKuF4AaABAg,n8iP75gIpmw,UCOLGv5Pf6BF2wFcwUzgcvHg,1,1
Ugw9_Qw_QaSdggWuKJt4AaABAg,06mFNPU0aB8,UCAxvOOHQk7dYPOajzFEVtbA,8,8
Ugw9eye2GML6RHRSu-14AaABAg,n8iP75gIpmw,UCQ_-LPP8JAbfkc-b1Q6NvWw,1,1
UgwA5aTmgACLCuTUT494AaABAg,lj983NWyAQY,UCXmrpc6Li0spcKxtS0Q_ptg,5,5
UgwARHTnVAzzPrHbNox4AaABAg,n8iP75gIpmw,UCZ51R_9Q9C0c8I3pAWhtmjQ,1,1
UgwBIwUPLGxEWAu3Mh14AaABAg,X_FAIef8qlE,UCPLW0HE3siElqCgXfgWxMqg,14,14
UgwCW5PErySUmwse3bZ4AaABAg,OkXlHx0hx-8,UCxhtlxPV8AYWaNNyU6S9H8Q,6,6
UgwCfRlzeiXz172UQQV4AaABAg,yLZS3JiEBg8,UCvcu1kR8xMYy_I1Ty-2mV2Q,3,3
UgwCw9bhAw6suYQfCWx4AaABAg,j43HgwYFKfk,UCaKAjTW9MVub_clgr4DRYjQ,2,2
UgwEOUk-ofXNqkHW5Cx4AaABAg,n8iP75gIpmw,UCxff05WuyvwELNITi7bj7UA,1,1
UgwEQHx8Ik7SbxBTQ914AaABAg,n8iP75gIpmw,UCZLG9qH0tUjNhEGFIUt0CYw,1,1
UgwEjfj5ueeimHg-Hbt4AaABAg,j43HgwYFKfk,UCwgCc9Jd_gG-uLE_SY-FfPg,2,2
UgwG3XiEgFlHKtrtTqd4AaABAg,n8iP75gIpmw,UCXSkL3ejZ8qWYyF_M7s_QKA,1,1
UgwGm1V-_GN1ZPcijdl4AaABAg,n8iP75gIpmw,UChs3tU2BcKOT0CezykvAsGw,1,1
UgwHY5LtTiQ0lBONp8N4AaABAg,n8iP75gIpmw,UC6PvO1_k5lHKGdAPo5_C6TA,1,1
UgwIB06iEQnFOFLc9et4AaABAg,6W4u8sGEnGM,UCwxoKK59nGCeBqB2sXfDBIw,4,4
UgwIB06iEQnFOFLc9et4AaABAg.Aa-0m2jDJt2Aa42DVzs9Zy,6W4u8sGEnGM,UCWaRixDdpgllTBf4V0jPnKQ,4,4
UgwIBBqN6fh6MURkwkN4AaABAg,j43HgwYFKfk,UCkVtmkK07b2zaVVNssX4lOg,2,2
UgwIiqrp6EYNoFmnBAR4AaABAg,n8iP75gIpmw,UCN6qbfPSzFtjhqUDZ3Cv3CQ,1,1
UgwIlv8gtF3WKYfHSJJ4AaABAg,j43HgwYFKfk,UC95PSMouTx2N5CbSq0hIyrQ,2,2
UgwJ4UehO5E4j0niJU14AaABAg,n8iP75gIpmw,UCueV9cTyTDwgQSec1x2dYgA,1,1
UgwJMFYT7I9czw_oa0V4AaABAg,n8iP75gIpmw,UC5H8ASmMC9WrURmzeB4ySog,1,1
UgwJN55EmMcKPRb_AfB4AaABAg,n8iP75gIpmw,UCHhHUjaMAZ8SiXdCUCj9DkQ,1,1
UgwKjHT5lyjLiqR9ym94AaABAg,n8iP75gIpmw,UCgvw7xIdGFupzpt1Y_BFkEA,1,1
UgwL_UlN82zRUeNgVDh4AaABAg,j43HgwYFKfk,UCeDNEtI8_a42bZ47wJiJMwQ,2,2
UgwMfCTNaiukOxMqfON4AaABAg,6W4u8sGEnGM,UCiOZX__1gahg1ypIj0_XG_w,4,4
UgwNvErOoJ_qRYF6TB94AaABAg,j43HgwYFKfk,UCqCrvuoJpC-aVb0f4logQRQ,2,2
UgwO8kzHC551ofxNYCV4AaABAg,TT4qJ5FXHYE,UCld2stqxaVSk0QdGncM224A,11,11
UgwPCZZx2gI444cg2AV4AaABAg,n8iP75gIpmw,UCpIdtvoFHVLGASGB5ySqIEA,1,1
UgwRLgDGrh-_TEVNOYh4AaABAg,OkXlHx0hx-8,UCtiHFjFu7d5v2XxHnKFUYig,6,6
UgwSDn5aIUEZwOlx9c94AaABAg,zweosulrwA8,UCQM2tCKRRytVDRxNUfCDqQQ,15,15
UgwSt406Q1HWBWCewI14AaABAg,6W4u8sGEnGM,UCWvntqPQx99k_Z_skWKqNSA,4,4
UgwSt406Q1HWBWCewI14AaABAg.Aa-KmSVE5UgAa-M7iXQwik,6W4u8sGEnGM,UCoGdCoJg2Lh0OX_jv6cG16g,4,4
UgwTyYcT2aNvGA5DK4J4AaABAg,n8iP75gIpmw,UChgkn5Jt5tWKYMoEOuCjz3Q,1,1
UgwUZL4XYbr2lbEi1r94AaABAg,j43HgwYFKfk,UCiC-Jn7wdgyQV4_Urk0DkWQ,2,2
UgwXm2HjtCzRKiDHflJ4AaABAg,JkpVO1hx2f8,UCQIdKuZ-OzuFqy0KjGrgesg,12,12
UgwY0wdDJRzHsTCnLbN4AaABAg,n8iP75gIpmw,UCXr8_5WtGeipe4haOoQDgyQ,1,1
UgwY2FW-3sBGV2CGxaJ4AaABAg,06mFNPU0aB8,UC_3xuTXvMIWU5MYP9HkJ3vQ,8,8
UgwYTL5-XYvmQxsC3Bt4AaABAg,n8iP75gIpmw,UCFjudnPLoaSL1BaRuLahyHg,1,1
UgwYaHf9EYIl5Pf-y514AaABAg,n8iP75gIpmw,UC-pNP6RMFuLg_-x7Ah_0kEA,1,1
UgwZw9X6DpxCIJ6YkXZ4AaABAg,PjmxCj-a9Hg,UC1Y7x3h0c95Z8kUhi-Tzaeg,7,7
Ugw_g00Bv3m-cnSxhMp4AaABAg,OkXlHx0hx-8,UC1WlJfQmaIskYhP4gmWoamw,6,6
Ugw_wfk-1nUcdyG3muZ4AaABAg,n8iP75gIpmw,UC3MYTqpQqlWBuCB7Th0e0PA,1,1
UgwaGYcI3FekgL1PZct4AaABAg,j43HgwYFKfk,UCOcUI5XkTYNMSFhZNMIPpGg,2,2
UgwaokeDKlLgSdqHpW94AaABAg,n8iP75gIpmw,UCOS8ViEkccrTZx2w2ccxotA,1,1
Ugwbnz3tRoBa7Vs3A3d4AaABAg,b_Hkrkl3adA,UC3iIU62XKUOWuqL8BqBzj9A,9,9
Ugwc0TMrFYylioxh_Sh4AaABAg,6W4u8sGEnGM,UCV3fr-YOixFKCZBbJP1-X4w,4,4
UgwcF8V3__81jxC8Eh14AaABAg,n8iP75gIpmw,UCmjppp6ujz3SAnULvP3sZMw,1,1
UgwdC_aDdYB1wpgGNAt4AaABAg,lj983NWyAQY,UC5PyGvSfFM--OVKmQ3COu6g,5,5
Ugwe0V0ssRP-r167Lzh4AaABAg,n8iP75gIpmw,UCQqetiwzzmRNTM5OWuXarGQ,1,1
UgwgSP2G2qKwGGl5CSp4AaABAg,6W4u8sGEnGM,UCV3fr-YOixFKCZBbJP1-X4w,4,4
UgwgoKatyznihVvDVVd4AaABAg,n8iP75gIpmw,UCCaYwkkbQGcvFoUmothVdQQ,1,1
UgwguqWom06c5opgpiF4AaABAg,n8iP75gIpmw,UCQgYjVngJRfPHDLGB5X6ZjA,1,1
UgwhphOY9n46ofElDut4AaABAg,PjmxCj-a9Hg,UCN2N_wYOw6fMwCeSzdXLPIw,7,7
UgwiGxmosawIyTVTjnB4AaABAg,n8iP75gIpmw,UC9vMq1YF-e7C-VO0SHkbUTA,1,1
Ugwih8O9PeaJ_zd7FWV4AaABAg,n8iP75gIpmw,UC8F2V63KZ4ZEay6opX2hAQw,1,1
Ugwije36G_n35mshRfp4AaABAg,6W4u8sGEnGM,UCheEJ5GZuIvV0fj-nXyVwXw,4,4
UgwjKxflp7TiD0e7_494AaABAg,n8iP75gIpmw,UCujPF2nBgsTD62nWE3lcpIg,1,1
Ugwjtq_DUb6ISU-ppsh4AaABAg,n8iP75gIpmw,UChs3tU2BcKOT0CezykvAsGw,1,1
UgwkiP4fW1xfpXbZcV14AaABAg,n8iP75gIpmw,UCV0iizTBoOfdAFX_thfI9BA,1,1
Ugwm9VajlW3ydbsf-BJ4AaABAg,6W4u8sGEnGM,UCp29O_C7cchZV8IxV7Crdag,4,4
UgwmvtMMEFg5rWbrmtV4AaABAg,yLZS3JiEBg8,UCkxdJ_yGN2gghOMo2ybQtXQ,3,3
UgwnCwptihjhFCfQK_l4AaABAg,6W4u8sGEnGM,UCjZgFEowMBrsjodqfovzdKw,4,8
UgwopmNYOXxE5kyT7fF4AaABAg,n8iP75gIpmw,UC4wq3DcbfaG6dtCqn8Oyu3w,1,1
UgwovhZaCiV0r6XOH_R4AaABAg,ndAZjHqzzT8,UCVC2QugcI1G4RvlCiUqd1aQ,3,3
UgwoyDvqZ6NlBCvXB7t4AaABAg,yLZS3JiEBg8,UCXVLc8CmAO813ubM-fLvCDw,3,3
Ugwp1SacIqA0qS_netd4AaABAg,n8iP75gIpmw,UCwW2OFy95P7ZBkOPxWkpvYg,1,1
UgwpY9PE_PBfwa2_g_N4AaABAg,n8iP75gIpmw,UC3XTwHxygNCgjndsg-UiCQA,1,1
Ugwqsca_nj4eGguiyTJ4AaABAg,j43HgwYFKfk,UCgQw_Sbq3ugruDUKsq1e0-A,2,2
UgwrIvqGid-S983oU9J4AaABAg,n8iP75gIpmw,UCL13XhnRzbGokEkCkEOb0-g,1,1
UgwsCWap2Jq1pNrLOWl4AaABAg,n8iP75gIpmw,UCQtSFINs1h6GHkpg9o5kMvg,1,1
UgwtcR5U0FAkeZsiVVt4AaABAg,06mFNPU0aB8,UC2ngpd8UBQu4gcUYy0goAtg,8,8
Ugwvm2HYh08HI1HkcXV4AaABAg,PjmxCj-a9Hg,UC7IMsCxfZyWN7YQo8-JYa6Q,7,7
UgwvvK1L0aLOhCMUzfN4AaABAg,n8iP75gIpmw,UCzSfZlOVxBSs5ObD25ywxDQ,1,1
UgwwH4OIcVCCN6SbBX14AaABAg,n8iP75gIpmw,UCLFdHr9BEbXHkoJopbEPLZw,1,1
UgwwKfLmhHVU-Oxzqtl4AaABAg,n8iP75gIpmw,UCNkcuy42zEwddwEcOd_HpnA,1,1
UgwwPrhCy2levkb6TRd4AaABAg,ndAZjHqzzT8,UCJp3OrVYcBorC94sKwdch_A,3,3
UgwxjmtBoAozs0ZUAcd4AaABAg,is3Mk5oC19g,UCdFlugHJJa4l3YqWuNRmvXw,10,10
UgwxjmtBoAozs0ZUAcd4AaABAg.AaAbqoGVGipAaAjNG9oPRN,is3Mk5oC19g,UCLh1Kde4_vI1sTZBkTNP7RQ,10,10
UgwypjUeZBU45DrrW0d4AaABAg,n8iP75gIpmw,UCThW2XNsAaBKme5PUt7n-Zg,1,1
Ugwz_6qtdDTbTWEUQQ94AaABAg,n8iP75gIpmw,UC6YSZqL0vEcI-niPKIMUGfw,1,1
Ugx-G2kCu5aSwh3IR5l4AaABAg,n8iP75gIpmw,UCNBnKqWf4d-rS4HwJRQljmQ,1,1
Ugx-cQ3Wf3whk_hssDR4AaABAg,06mFNPU0aB8,UCO0zwwLWGyDgQmWPJ5Qrr1w,8,8
Ugx-hH6Ysw9sdv3kHPN4AaABAg,j43HgwYFKfk,UCwjUvRseNtJoItylIyIez7Q,2,2
Ugx1reCoIQcnK3ii2GR4AaABAg,n8iP75gIpmw,UCTwSut16JyAg3mX6LVUNGqA,1,1
Ugx2ApaAMqe4ca4SCYx4AaABAg,n8iP75gIpmw,UCLggDc_a5HriXv7I1h02sOA,1,1
Ugx2LwWBVc3mFGJAinB4AaABAg,n8iP75gIpmw,UC5H8ASmMC9WrURmzeB4ySog,1,1
Ugx2byJzZBZkDMQMUqV4AaABAg,n8iP75gIpmw,UCwO2SXr0ggzwg6QWWrr01nQ,1,1
Ugx3uDgmZQhx3Z3VOzt4AaABAg,j43HgwYFKfk,UC816IGbFCZinfYS1LRDaaHg,2,2
Ugx3yIUZXGeiOVESIEl4AaABAg,n8iP75gIpmw,UC3qn1yJA5PeW9rkGPatQxiw,1,1
Ugx4dn4xlUl9Jp9QJeJ4AaABAg,6W4u8sGEnGM,UCaT4saRcyqCLE657Rq2hhZQ,4,4
Ugx6Wjc02tqpQUBf4NJ4AaABAg,yLZS3JiEBg8,UCc_F88PzGWtA1OPNUEASulA,3,3
Ugx74OPnWkWaFjpFuA94AaABAg,n8iP75gIpmw,UCErZPJpHmLCsXs8ZWkAUupQ,1,1
Ugx74OPnWkWaFjpFuA94AaABAg.A7ki-1ED5b2A7nIcG2_svP,n8iP75gIpmw,UCFjudnPLoaSL1BaRuLahyHg,1,1
Ugx7Gvgflw7nQKqoR094AaABAg,lj983NWyAQY,UCFOxCyF926Y9eHhMeVoWLzw,5,5
Ugx7ezRwB-DpY3VQt754AaABAg,n8iP75gIpmw,UC5H8ASmMC9WrURmzeB4ySog,1,1
Ugx7j6oWhgfonHPJCdR4AaABAg,n8iP75gIpmw,UC72gBAtyb_VXQlYDcFrh6oQ,1,1
Ugx8FxDKPAY-M_JhRgd4AaABAg,n8iP75gIpmw,UCi1b_TRQfgO1Z9O2gNGGWNA,1,1
Ugx8vuWdqsWZslsS9R14AaABAg,WIUZtitfLRw,UCvcu1kR8xMYy_I1Ty-2mV2Q,3,3
Ugx90cmhNaRBNDou1BR4AaABAg,OkXlHx0hx-8,UCBlm80VQ4YoV3bUJR_XhkaQ,6,6
Ugx90cmhNaRBNDou1BR4AaABAg.AaA5Ej9IqgQAaBaWPRQg7K,OkXlHx0hx-8,UCi2KiZq63sRq8Mfbcp-MelQ,6,6
Ugx90cmhNaRBNDou1BR4AaABAg.AaA5Ej9IqgQAaCnVqXU5cy,OkXlHx0hx-8,UCBlm80VQ4YoV3bUJR_XhkaQ,6,6
Ugx90cmhNaRBNDou1BR4AaABAg.AaA5Ej9IqgQAaCz3GqqPAJ,OkXlHx0hx-8,UCi2KiZq63sRq8Mfbcp-MelQ,6,6
UgxCKgaQSm13r2z9hFd4AaABAg,j43HgwYFKfk,UColMq7LmaoY3MT6aIDGrGvA,2,2
UgxCT5F3jO763e2aO-t4AaABAg,OkXlHx0hx-8,UCat2qkYvqmtDNEmo2PVuhXw,6,6
UgxCjFHfuFk1jUGvoIB4AaABAg,lj983NWyAQY,UCSTAUWVc1_82DHYeqOsqEFA,5,5
UgxD16VX3BhREOtsuhJ4AaABAg,yLZS3JiEBg8,UCcFIBN-rtC3d3hXeuN5TfWw,3,3
UgxDBhcq11EK83DqrSZ4AaABAg,j43HgwYFKfk,UCV0lM03g5fg5pbPj97-sAtA,2,2
UgxDFo35bUo0APtZcd94AaABAg,lj983NWyAQY,UC_ljZ1hZXR9pzexFz87P5ZA,5,5
UgxEE17R1iQyuDZebVF4AaABAg,06mFNPU0aB8,UCLXYp1Cvc5DLtq5UQL5D9vw,8,8
UgxEE17R1iQyuDZebVF4AaABAg.A_UFk_pMAbMA_VZ_0Vdu89,06mFNPU0aB8,UCfjhejO7LZy4doXURa7LZCQ,8,8
UgxE_8DGgJmaHaV_WLJ4AaABAg,n8iP75gIpmw,UCplrIQtaPj6au60_f2-mOYw,1,1
UgxEsAK7q3l34wFdZ414AaABAg,6W4u8sGEnGM,UCql1n3Ey6ULMSOACjMe-fxQ,4,4
UgxEsAK7q3l34wFdZ414AaABAg.A_zCnf5bSajA_zKDdWQaaO,6W4u8sGEnGM,UCZFQwqh90apuL8eFhvRBkUg,4,4
UgxEsAK7q3l34wFdZ414AaABAg.A_zCnf5bSajA_zMcZPgoSk,6W4u8sGEnGM,UCoGdCoJg2Lh0OX_jv6cG16g,4,4
UgxEsAK7q3l34wFdZ414AaABAg.A_zCnf5bSajA_zX0eQk5DZ,6W4u8sGEnGM,UCyJhqmMbsvjpoarBBStA2kg,4,4
UgxEsAK7q3l34wFdZ414AaABAg.A_zCnf5bSajA_zXHoAX3hj,6W4u8sGEnGM,UCyJhqmMbsvjpoarBBStA2kg,4,4
UgxEsAK7q3l34wFdZ414AaABAg.A_zCnf5bSajA_zXUuRIq0q,6W4u8sGEnGM,UCyJhqmMbsvjpoarBBStA2kg,4,4
UgxEsAK7q3l34wFdZ414AaABAg.A_zCnf5bSajA_znUL05zze,6W4u8sGEnGM,UC63tFvbQ_hJhGDi2nbjssjw,4,4
UgxEsAK7q3l34wFdZ414AaABAg.A_zCnf5bSajAa0q77b9a3F,6W4u8sGEnGM,UCtCtts20bW6F9CSohau51Iw,4,4
UgxEsAK7q3l34wFdZ414AaABAg.A_zCnf5bSajAa0qEPC8tJc,6W4u8sGEnGM,UCtCtts20bW6F9CSohau51Iw,4,4
UgxEsAK7q3l34wFdZ414AaABAg.A_zCnf5bSajAa41uU3Anhg,6W4u8sGEnGM,UCWaRixDdpgllTBf4V0jPnKQ,4,4
UgxFOJmnMHqi2dpDaZd4AaABAg,n8iP75gIpmw,UCcfdg8crmMJwEuLUsAhV7yg,1,1
UgxFzCyhju6zPSl4zwZ4AaABAg,j43HgwYFKfk,UC6Uj1FT5JjDSF8vudvDxPAA,2,2
UgxHqBlwo8Dpvv-2P5d4AaABAg,n8iP75gIpmw,UCj-LL25XJnjxepPKCc3NGog,1,1
UgxJQfg5iHA6vRWS0El4AaABAg,j43HgwYFKfk,UC1DpqK6vaPEkBOMNvypsKYg,2,2
UgxK5IJwWigmJ56Xp7p4AaABAg,ndAZjHqzzT8,UCpsKOkt5iWTbenzeuq7dsmQ,3,3
UgxKfM_nJMsGTkKkM8V4AaABAg,n8iP75gIpmw,UCDftMWXQoJ6nONfY7GVOVjg,1,1
UgxLNf6Xy3xngPFLs594AaABAg,n8iP75gIpmw,UCYwpX26TrCxq8TvbKGRYLXA,1,1
UgxLSZD8ZrNFmd10RKR4AaABAg,n8iP75gIpmw,UCUIIIPTVDVHAXqhC_5V6lPA,1,1
UgxNSGVebHMGSFI8zX94AaABAg,6W4u8sGEnGM,UCzZ6dDCEsLMXbc5pCFXIprw,4,7
UgxNgFkGSE6nct4PF3V4AaABAg,PjmxCj-a9Hg,UCNIeXbV_mEwpa412h1aqUWw,7,7
UgxOO0LIkZP1WvhR1U54AaABAg,ndAZjHqzzT8,UC_6KbBY1bsYXz9fwFS0eQRg,3,3
UgxPHo503SIH-EmlR-t4AaABAg,6W4u8sGEnGM,UCV3fr-YOixFKCZBbJP1-X4w,4,4
UgxPRaGm9MdlK4U6VPt4AaABAg,n8iP75gIpmw,UCDQaQv0hr2SS_PO-CMEwVHg,1,1
UgxQC-ejR063rkAb1VB4AaABAg,yLZS3JiEBg8,UCefAH1MbvADWUjE9WVcB9EQ,3,3
UgxR0AXNH_3DGn-T1494AaABAg,n8iP75gIpmw,UC72gBAtyb_VXQlYDcFrh6oQ,1,1
UgxR1eqvFSEtPNShD8x4AaABAg,6W4u8sGEnGM,UCEHXl4VvvVpq-_4xC5tsbhg,4,4
UgxS0pN-vg0fjeNSLeJ4AaABAg,6W4u8sGEnGM,UCeQk-WfEA-cJRq4EKeE7TOw,4,4
UgxTjz0jSJkZW5dGnSp4AaABAg,n8iP75gIpmw,UCkd9W714-947dEE6ZOEBATA,1,1
UgxVUS-jkZU2DAjmNjR4AaABAg,n8iP75gIpmw,UCljDbleJul41G1TzOjOZAVA,1,1
UgxW0ZnTohConSPgOpp4AaABAg,j43HgwYFKfk,UCGGHbtfbbe0o68etrOf0qxw,2,2
UgxWzoHDeFfVC7jrjzF4AaABAg,OkXlHx0hx-8,UCVdjCrh4tQoX3haNAZv-n5A,6,6
UgxWzoHDeFfVC7jrjzF4AaABAg.Aa9DdH5avRRAaB_gLYRAuw,OkXlHx0hx-8,UCi2KiZq63sRq8Mfbcp-MelQ,6,6
UgxXGkvxY-TdtPROWcV4AaABAg,j43HgwYFKfk,UCZeIIQrGAedW8tCbKWmGY-A,2,2
UgxXy9CurqMBEjFnVwF4AaABAg,ndAZjHqzzT8,UCvcu1kR8xMYy_I1Ty-2mV2Q,3,3
UgxZFzh6jzOX7Avhk1h4AaABAg,n8iP75gIpmw,UCFUuDARXdmmIrLppEqf-rFg,1,1
Ugx_gjcVH5SlIKBNTGh4AaABAg,yLZS3JiEBg8,UCCUmP4PlbwgikVFpYwbtRTg,3,3
Ugxb-sknzjBr3wecCw94AaABAg,06mFNPU0aB8,UCfXykdbSU97rj987LDUGfvg,8,8
Ugxb1xcC9SSJ_5vSArF4AaABAg,j43HgwYFKfk,UC4Avya4kmR4Q0FrfFdBozSQ,2,2
Ugxbz7-04jLwadBMK_p4AaABAg,n8iP75gIpmw,UChep9kVb5gQmpodEEl10Xlg,1,1
UgxcBa2IQb3I0JZcFax4AaABAg,6W4u8sGEnGM,UCtsxPYw8VUsH_FfnKg-0lmw,4,4
UgxcGV8-rD83ACvM0954AaABAg,n8iP75gIpmw,UCRlCV9zSn7avAWh-9_XFWqQ,1,1
UgxctiUZJriWwsE0a6J4AaABAg,n8iP75gIpmw,UCut6b9S98nv84cVX89PmKzA,1,1
Ugxd8fn-MEnc3SKPtid4AaABAg,6W4u8sGEnGM,UCfo_yUPzy1f1POwwZxhZ06Q,4,4
UgxdfjiT5_VBaeADj7h4AaABAg,6W4u8sGEnGM,UCV3fr-YOixFKCZBbJP1-X4w,4,4
Ugxe0MXeW4ziwUMTfF54AaABAg,n8iP75gIpmw,UCTylKrsqkrBKIqubMu_5N0Q,1,1
UgxeJQgzDc124jVv7Fx4AaABAg,j43HgwYFKfk,UC5hvEnRUzI4Kfvwnyi4QxqQ,2,2
Ugxf6gnAtXKqV1Q_zRd4AaABAg,WIUZtitfLRw,UCVhif9eV0f8plICen2DnpKA,3,3
UgxfUxJfY_pjvu9318Z4AaABAg,n8iP75gIpmw,UC1vr9aaMI2crB0NvwFHUeoQ,1,1
UgxfnbtuhVQuDILnXj14AaABAg,n8iP75gIpmw,UCEgEQmRbtL5fwr9_DqAC--g,1,1
Ugxgxziq7k4s9WwmauB4AaABAg,lj983NWyAQY,UCIUhbSCy3-SGRe5UtqM4fzQ,5,5
UgxiEgXuexKPtHEwAQJ4AaABAg,OkXlHx0hx-8,UCozFYHN0e_-vlQbX3wQGOug,6,6
UgxiEgXuexKPtHEwAQJ4AaABAg.Aa9HLCNywwKAa9OgyseDes,OkXlHx0hx-8,UCQMMuADgqWUOcJpLwHOzC-g,6,6
UgxiEgXuexKPtHEwAQJ4AaABAg.Aa9HLCNywwKAa9ZeEQh7n7,OkXlHx0hx-8,UC-QOpE7GOxlXcHZ8b7HbQKA,6,6
Ugxj76_NAyOnh_vsgMV4AaABAg,lj983NWyAQY,UC0RpuMwkDKJYqgKHtsJRuWQ,5,5
UgxkcFai5KbeHyhGbnF4AaABAg,6W4u8sGEnGM,UC-HeUTT6_g-VoiWds2a4H-w,4,4
Ugxl5bLZ1llR9fV0V0l4AaABAg,n8iP75gIpmw,UC2Y_EHWQKevubk4vOEBBFxw,1,1
UgxoLjEjkngSVGZvO1N4AaABAg,j43HgwYFKfk,UCpsKOkt5iWTbenzeuq7dsmQ,2,3
Ugxoc10_rBva4f6IW2N4AaABAg,n8iP75gIpmw,UCwW2OFy95P7ZBkOPxWkpvYg,1,1
UgxovP0Yh3_qrKdrKrp4AaABAg,yLZS3JiEBg8,UCwEe1RKlEv1UpNWmWYfSh4w,3,3
UgxpFKbiejsVGSNIcTh4AaABAg,n8iP75gIpmw,UCQtICyzWmhC5woCtbNgaSmg,1,1
UgxqEChOyWebtVaqy-V4AaABAg,n8iP75gIpmw,UCDlr1VadSucIZgZ171pRBjQ,1,1
UgxqSfWMWvqMX8tiC5x4AaABAg,n8iP75gIpmw,UCHhHUjaMAZ8SiXdCUCj9DkQ,1,1
UgxrZBO3MtEqcgXAIEN4AaABAg,lj983NWyAQY,UCxKR3RA8T-kxMgq_2WWhRcQ,5,5
UgxswojCyw1a0RuHVEp4AaABAg,3Nfp9h5avBI,UCJxJC56BSAX-ArD0NAb9qnQ,13,13
UgxuO_1lX_-jTQfAzZx4AaABAg,lj983NWyAQY,UCqilIa8r7iek5sGYg_q6ofA,5,5
UgxudaO35O8XcM9Wu4t4AaABAg,3Nfp9h5avBI,UCyor0Mmm0ivLX2jIdyGp84Q,13,13
UgxvgdNqovIhqUZDxUx4AaABAg,j43HgwYFKfk,UCpe5jW3MIqkgTJ-PgkzvM6Q,2,2
UgxvmbFNm6tYRX6yfLN4AaABAg,n8iP75gIpmw,UCz3gu01bmjNv0DpRq-K3XYg,1,1
Ugxvt0tvqY4UlDS2hoh4AaABAg,j43HgwYFKfk,UCuXmOjxC-htcprLgeVXz6Tg,2,2
UgxvxNmPMdRuRDptJQN4AaABAg,PjmxCj-a9Hg,UCNIeXbV_mEwpa412h1aqUWw,7,7
Ugxw_1trnd8loD3302V4AaABAg,n8iP75gIpmw,UCySYJU5kUh7X8gVt9la2ISA,1,1
UgxxNu7QTJHuAgFaEYN4AaABAg,n8iP75gIpmw,UCHTGCgY2l-DQJIvlA_cpa_Q,1,1
UgxxdDS3FUc53KWN3KF4AaABAg,OkXlHx0hx-8,UCPNXmbOBVeC4HS-xemvcPtQ,6,6
Ugxy4k7pO6jFtwyDyFp4AaABAg,n8iP75gIpmw,UCtUR3_CAiE7fCoZHM6cMfyQ,1,1
Ugxz9vnSvQJNt4YNbYV4AaABAg,WIUZtitfLRw,UCGj2v6Gl5bN8NSrzJMXS-CA,3,3
UgxzETIqBajjXFTGd_R4AaABAg,yLZS3JiEBg8,UCbrtvygfRT6QXqWDNrOf-cA,3,3
UgxzN9_I9vkDCdX_8dN4AaABAg,n8iP75gIpmw,UCOh6DaZC_x9HASnlRylEMfw,1,1
Ugy0LbKWrqUFhWPRoKN4AaABAg,n8iP75gIpmw,UCL1MT278vSaQ83ZDkVWn1gw,1,1
Ugy0LbKWrqUFhWPRoKN4AaABAg.A7epXgDRFjZA7f-Z-rKQOV,n8iP75gIpmw,UC8G5cJONY8L9voMyBW8Eoug,1,1
Ugy0dVAcWghuyCdAVS54AaABAg,n8iP75gIpmw,UC7VUuJr9cGh845CmTvf7TlQ,1,1
Ugy1neHHTJYO0umhgLt4AaABAg,n8iP75gIpmw,UCFhxtoeARHPnXXPcDrOU3Xg,1,1
Ugy2FaeBadbmVJj7F714AaABAg,n8iP75gIpmw,UCAlzM_N6xBlMYmM8EBzX86Q,1,1
Ugy4JA9MR8l_gkTNgWh4AaABAg,j43HgwYFKfk,UClqA491Xa5fQcXcJJa-vTWw,2,2
Ugy4ex02KEXL5UFGjw14AaABAg,n8iP75gIpmw,UCHTGCgY2l-DQJIvlA_cpa_Q,1,1
Ugy4utoHlyokVSeSi5h4AaABAg,n8iP75gIpmw,UC3XTwHxygNCgjndsg-UiCQA,1,1
Ugy4x4u9e1_xRoppaMF4AaABAg,6W4u8sGEnGM,UCvDwJBBY1mHK70aTEYl6rsA,4,4
Ugy5j8gzaawBk-mw5et4AaABAg,n8iP75gIpmw,UCkd9W714-947dEE6ZOEBATA,1,1
Ugy5lmf3RzzeJDUeqQd4AaABAg,ndAZjHqzzT8,UCbrtvygfRT6QXqWDNrOf-cA,3,3
Ugy6Qii72nfxIpYyuCR4AaABAg,6W4u8sGEnGM,UCV3fr-YOixFKCZBbJP1-X4w,4,4
Ugy6isIL3n6cvYbJG-94AaABAg,JkpVO1hx2f8,UCWWkebAekppaL5b5CNlppuw,12,12
Ugy6y6DL1AgyNzNpfMZ4AaABAg,n8iP75gIpmw,UCjmPuazZJzscrwvk0QR9RVw,1,1
Ugy7-QbaMzLjAO_vJMB4AaABAg,n8iP75gIpmw,UCipetjeiWj4CZB6EbyYziZg,1,1
Ugy7Dk5SDB_d3RFlHU94AaABAg,n8iP75gIpmw,UCh5ESQvtzyHDhCA7XyekCFA,1,1
Ugy7b0JTkHodE4sTU_54AaABAg,WIUZtitfLRw,UCZIQnb1fkwe39Iw2TAu-bGA,3,3
Ugy8csktFvR0eUZN4cp4AaABAg,n8iP75gIpmw,UCTP3O0rMnc8z8v8jaDQwL0w,1,1
UgyAcWsNSqIPesdI3nF4AaABAg,n8iP75gIpmw,UCsUCN0Yq_UyTvKjOJLmNrnQ,1,9
UgyB52GZe4-PXJ2TqYB4AaABAg,j43HgwYFKfk,UC3UVO7pTbeYvZ3ILEyRDskQ,2,2
UgyBhR2qUXgMe2NJjRN4AaABAg,PjmxCj-a9Hg,UCuP4UK33HKtJE_S39ksmaTw,7,7
UgyC45vItnUiq1QrUtd4AaABAg,PjmxCj-a9Hg,UClsrFGJKWPxxw7MiaEdKLXw,7,7
UgyC45vItnUiq1QrUtd4AaABAg.ALgn-KZ7p47ALgvLAMzZ1A,PjmxCj-a9Hg,UCg3eIfd7BrsLEqS0BLkftHA,7,7
UgyC45vItnUiq1QrUtd4AaABAg.ALgn-KZ7p47ALgwtbYMM1u,PjmxCj-a9Hg,UCg3eIfd7BrsLEqS0BLkftHA,7,7
UgyC45vItnUiq1QrUtd4AaABAg.ALgn-KZ7p47ALgx6SmnMen,PjmxCj-a9Hg,UCg3eIfd7BrsLEqS0BLkftHA,7,7
UgyC9HUMcvW-e_nFJK14AaABAg,06mFNPU0aB8,UCAxvOOHQk7dYPOajzFEVtbA,8,8
UgyCFEFtEmhDbi91yCF4AaABAg,06mFNPU0aB8,UCq3mDTTRZnUybct5M9OSXbg,8,8
UgyCoulSuwV8jBnjbtN4AaABAg,n8iP75gIpmw,UCGzXwyCzMzGmjmCbH3Hg01Q,1,1
UgyD5CIXnbXNiM-a4VF4AaABAg,6W4u8sGEnGM,UC0HvfEWozTHbwl_iEmJNvVA,4,4
UgyE6hk1g9jR7zB67lV4AaABAg,6W4u8sGEnGM,UC14qlobYKqD-DO0j6b75lcA,4,4
UgyEM7_iOGkWV0SbNuB4AaABAg,n8iP75gIpmw,UCiGRBf2RNF0WRKhRVT7zFoA,1,1
UgyFSrjeDvPsB0fKUdp4AaABAg,6W4u8sGEnGM,UCa36MjQLoPAmgJo-R3G8WQA,4,4
UgyHHYcKhbzXr6xEjth4AaABAg,06mFNPU0aB8,UCjZgFEowMBrsjodqfovzdKw,8,8
UgyHIuxG8A2lYDRB6vh4AaABAg,6W4u8sGEnGM,UC3YpzAr7pcdKC7BVFEpYzog,4,4
UgyHIuxG8A2lYDRB6vh4AaABAg.A_zEyCTHfWFA_zWovudn2B,6W4u8sGEnGM,UCyJhqmMbsvjpoarBBStA2kg,4,4
UgyHcSyWHx2SKCg6db14AaABAg,j43HgwYFKfk,UCQqlPPUGqAfWjd-FSh_qn7Q,2,2
UgyIX1zx3bbc9DsK8VR4AaABAg,n8iP75gIpmw,UC8r11yOugM2NuRfitQOxLLg,1,1
UgyIfQ-oDt0uVFZIq9d4AaABAg,PjmxCj-a9Hg,UCusjriFsDHEc2AOjqk-p5ig,7,7
UgyIteBIiYe7DjUN3554AaABAg,ndAZjHqzzT8,UCVC2QugcI1G4RvlCiUqd1aQ,3,3
UgyJ7QRY-X3DsJC-t-p4AaABAg,lj983NWyAQY,UC5fvhAfm89JH8eDFdvc0xYw,5,5
UgyJnStLEHxVNbAfd0p4AaABAg,PjmxCj-a9Hg,UCAV7QIjYhbDJaycQycM_0eQ,7,7
UgyMRj1sNq6Xkrqepst4AaABAg,n8iP75gIpmw,UC3E9mAgP7VoAE5mZoAexl5g,1,1
UgyN-BmjI1Qyr5moi-x4AaABAg,n8iP75gIpmw,UCB5p8a5gklc80jJItP6xTHg,1,1
UgyNuIQ1W1M3g8ut6314AaABAg,6W4u8sGEnGM,UC1NiEdJ7gk6FlDexIalWnGg,4,4
UgyOyo4VyMiMOhqOkGd4AaABAg,yLZS3JiEBg8,UCdQAuWwyC99MB7Y02Umj26Q,3,3
UgyPm-2rnRLPav43Bt14AaABAg,TT4qJ5FXHYE,UCtowGNY2lnlg6O2CkwDgkLg,11,11
UgyQQbXS_Q_JYcSefap4AaABAg,OkXlHx0hx-8,UCp_dAUfv8i3LW3zWc24dLaQ,6,6
UgyQxncw9dtHgZFgp014AaABAg,UhL9y3KUl8E,UC_NRVt2UP88ZNTwzrZ66JSg,16,16
UgyRmKHMG-ygpot6nY14AaABAg,j43HgwYFKfk,UCylqlpsh8ENNM1LqgQ1KbxA,2,2
UgyS31-ujtXB5VmjBRV4AaABAg,j43HgwYFKfk,UCRvPToDkkumha7WJAfCDk1A,2,2
UgySlQlmZmrLAq5JsLx4AaABAg,PjmxCj-a9Hg,UCPZueDLrCS4BmTBRMA4q0fA,7,7
UgySlQlmZmrLAq5JsLx4AaABAg.ALh5XYlqNufALhOuUP3UYB,PjmxCj-a9Hg,UC7IMsCxfZyWN7YQo8-JYa6Q,7,7
UgySttznhywvGXZyF-N4AaABAg,lj983NWyAQY,UCHMQ_lDhibZ-XZ_3fo6oxwg,5,5
UgyVLVHQ4zNBKTTDxtp4AaABAg,n8iP75gIpmw,UCpsKOkt5iWTbenzeuq7dsmQ,1,3
UgyWzgDknElvfn9oFJZ4AaABAg,j43HgwYFKfk,UC7dadZG7kkGYnsNu6td0FbA,2,2
UgyX06qZFc3cNK6223J4AaABAg,n8iP75gIpmw,UCrJn_rbo_ENAdeqneS-RmRw,1,1
UgyXTA5oFwzI70TKCUd4AaABAg,is3Mk5oC19g,UCFFrEmn6lPYiWyElpfzTy5Q,10,10
UgyYPJkzW5rbOUI_vcd4AaABAg,TT4qJ5FXHYE,UCNiMNUJvaRJb0_QLClqwVnA,11,11
UgyYRHeJlfB9VF69LSp4AaABAg,lj983NWyAQY,UCs_5qeqdku9tGAq22y3OcuQ,5,5
UgyYaWYhDStGYWDGkb94AaABAg,j43HgwYFKfk,UCCBYcToQ2dwkd6TJh0FSyDg,2,2
UgyYh5BUgByoCy2qNBR4AaABAg,yLZS3JiEBg8,UCxcoDvP-g2_KTZDmVZtvb3w,3,3
UgyZ2zEvW_CClk8k15F4AaABAg,j43HgwYFKfk,UCW-JC6lebVmf2P1dmY_L94g,2,2
Ugy_6i8lJAd2eVIRNjx4AaABAg,j43HgwYFKfk,UCgJNFj5dnxXpcMvmuhZDPxA,2,2
Ugy__nsWCBggw9EzOUd4AaABAg,n8iP75gIpmw,UCFoIAE8k82D6AV-8gjjKaNg,1,1
Ugy__nsWCBggw9EzOUd4AaABAg.A7lbRpGUZoHA7nJxaD37u-,n8iP75gIpmw,UCFjudnPLoaSL1BaRuLahyHg,1,1
Ugy_ejYOfCK6ERWL_dt4AaABAg,j43HgwYFKfk,UCe8JZoYkX5oKUZyivHYdXhw,2,2
Ugy_hCCLd8GwWbnIbsd4AaABAg,ndAZjHqzzT8,UCnU8wO1OurAmGstDw6VGjgQ,3,3
Ugyav8Au2cT8yVfYgp54AaABAg,PjmxCj-a9Hg,UCf5lnNZF7Qrtli9v4N_23WQ,7,7
Ugyb2uIeZGcNljNqap94AaABAg,j43HgwYFKfk,UCW80DaMjQlEUibC98Cot-Dg,2,2
UgycKHbiLBi0WcSs8sh4AaABAg,n8iP75gIpmw,UCL13XhnRzbGokEkCkEOb0-g,1,1
UgyciTatiqHr2BpFTqJ4AaABAg,j43HgwYFKfk,UCDrmf9y9nLgFY5wnA2hTuGA,2,2
UgydkbyzemdvsBJrYxt4AaABAg,n8iP75gIpmw,UCTD6q1nyIe3Y7HhqjaMj72w,1,1
UgyeTw07aydjDqK4crN4AaABAg,lj983NWyAQY,UC0aEyakBPqcBkVJiErfSupQ,5,5
Ugyeb8_nptWKXnFXH8F4AaABAg,n8iP75gIpmw,UChs3tU2BcKOT0CezykvAsGw,1,1
Ugyejets0FNr0Zh-VuZ4AaABAg,n8iP75gIpmw,UC650pRT-OYzny3GwOH8Cgfw,1,1
UgyfMf4MkQsDKavjbLV4AaABAg,n8iP75gIpmw,UC9vMq1YF-e7C-VO0SHkbUTA,1,1
UgyhYgz2ilvm1-T5IW94AaABAg,j43HgwYFKfk,UCWoAVGVqCn4xtINCMOTM4jg,2,2
UgyiGiWPuiTR2hkzmVd4AaABAg,n8iP75gIpmw,UCDPWkUX3sNNaCx-m1dV4glA,1,1
UgyiegHTZAVz8J4Ogvt4AaABAg,j43HgwYFKfk,UCsGoJEvb-cFPZ2rWoJcXzEQ,2,2
UgyihMW-pXKI2cEDqWx4AaABAg,n8iP75gIpmw,UCXXh7yg5KUFIWylTiKVEFKQ,1,1
UgyisqlInC7oBNbU95Z4AaABAg,n8iP75gIpmw,UC5H8ASmMC9WrURmzeB4ySog,1,1
Ugyk3PqfIuDEuXyeb494AaABAg,n8iP75gIpmw,UCfM3nrxtTQMY5jFx1v1J4Gg,1,1
UgykKTDDGdoiNQIuYJd4AaABAg,n8iP75gIpmw,UCp4iw5_5SmV9VGTFSNVGOmQ,1,1
UgymHCpILRINq5oT_7B4AaABAg,lj983NWyAQY,UCIp19h9igblA2YKfSLPDAug,5,5
UgymHZwhYtsW9EYkxdl4AaABAg,n8iP75gIpmw,UCQtICyzWmhC5woCtbNgaSmg,1,1
Ugynh0Cq17X889qHS0J4AaABAg,n8iP75gIpmw,UCwha8rxULYMVtNwZWeSkE1A,1,1
UgyoRKhs1yP8oKoD3uh4AaABAg,j43HgwYFKfk,UCylqlpsh8ENNM1LqgQ1KbxA,2,2
UgyoglGwyV2PhIAvHdt4AaABAg,j43HgwYFKfk,UCHbwIx9pmQuf7i-4_xO2EpA,2,2
UgyqA5EpXnBPn_uH-KB4AaABAg,j43HgwYFKfk,UCu8_3-Wg-YzNyvHYQDEscfw,2,2
Ugyr_-OfFbHlc9uWhg94AaABAg,OkXlHx0hx-8,UCIgoiXdIKJyUGmUoH2Lxdzg,6,6
UgysnIFZt6-_f2iGbid4AaABAg,06mFNPU0aB8,UCXN2s7DwTJm33xO-pNkAdaA,8,8
UgysqnYM0p-_jyWisMJ4AaABAg,lj983NWyAQY,UCgLrWFdYitoP-b7-PxtUr-w,5,5
UgysslM7dkNnQ1JT7Mh4AaABAg,j43HgwYFKfk,UCAKuKvcbfnBD3kF5njNu-IA,2,2
UgyuZ00FMdgmao7sNMx4AaABAg,n8iP75gIpmw,UCFxE8GbokBrBsPEKM1xrOjQ,1,1
Ugyuk_4Gq9tbJjGZVRl4AaABAg,n8iP75gIpmw,UCh5ESQvtzyHDhCA7XyekCFA,1,1
UgyvMO5z1LjtvyRIIxd4AaABAg,is3Mk5oC19g,UCk4O-J1BhoqPmig1KLGJePA,10,10
UgyvSxtnuw9xRiNU5tl4AaABAg,j43HgwYFKfk,UCUoYsrx1oZnCZ0usbBJn4fA,2,2
UgyxvyPVCur3jgc_1mx4AaABAg,b_Hkrkl3adA,UCHu8x4MVkayU6VgwVKd--MQ,9,9
UgyypM6Ts6Ut_EuFcdN4AaABAg,n8iP75gIpmw,UC-jS_kA9w-OmpupXDx156Rg,1,1
Ugyyx5lXrgFXsraCIMh4AaABAg,n8iP75gIpmw,UC9vMq1YF-e7C-VO0SHkbUTA,1,1
UgyzKNq94Z4Y2GSth514AaABAg,yLZS3JiEBg8,UChT7pzGytNd92Nmvi-zuWog,3,3
Ugyzgy-Lqlq6CTb4GPB4AaABAg,n8iP75gIpmw,UChZknRmJkeGeQk0-mQuhDOg,1,1
UgyzzIxBoO0_7kX1EWJ4AaABAg,WIUZtitfLRw,UCOARn3hnfkB7-_Rwa8Hoqcw,3,3
Ugz-XNtfLx0lzcoHUXN4AaABAg,b_Hkrkl3adA,UC9Wp6vL5oCU37qC3Aj94WZA,9,9
Ugz158DoUO_zyZlglG14AaABAg,06mFNPU0aB8,UCIXLDYqR_syskKRJy_x9W9Q,8,8
Ugz1TFgP101cP3SQAW94AaABAg,n8iP75gIpmw,UCYN4wSQ1Sx4_LurxLlW7MPg,1,1
Ugz1VUKAy1iuwk_x2jN4AaABAg,yLZS3JiEBg8,UCTTILH6QCIxbTnEWxwRqs1g,3,3
Ugz1kbHjtN-jQUk3sWd4AaABAg,n8iP75gIpmw,UC5bG9nc_JV3FsNP2KseQiYw,1,1
Ugz200h27x5RIAnswQd4AaABAg,n8iP75gIpmw,UCKDR0f2fu2UzWL8mBv5-BHw,1,1
Ugz26waEPWK6VtsenFZ4AaABAg,PjmxCj-a9Hg,UCNIeXbV_mEwpa412h1aqUWw,7,7
Ugz26waEPWK6VtsenFZ4AaABAg.ALglV0O_2mtALgq1_mUSB_,PjmxCj-a9Hg,UCbYoNG5J3Au5BqtbXogfEFw,7,7
Ugz2Y0LOPaJfoV8R01d4AaABAg,n8iP75gIpmw,UCl0ekS9Tt0jJGtOEM18S63w,1,1
Ugz5OziU6YjREVjZJUZ4AaABAg,PjmxCj-a9Hg,UCVQf0tzL7xRzFJsABVVULpg,7,7
Ugz6naDsqtHsbONkRBl4AaABAg,b_Hkrkl3adA,UCsUCN0Yq_UyTvKjOJLmNrnQ,9,9
Ugz76M4X7jXyiAqAC_d4AaABAg,n8iP75gIpmw,UCsSXdJct-nsS8DsABoEsaYA,1,1
Ugz76M4X7jXyiAqAC_d4AaABAg.A7j4tx1RMDbA7oQQlZnZR4,n8iP75gIpmw,UC9xr9QvIcDvoZNUX5f-jaZw,1,1
Ugz7WPxTOQEwmZpnx_V4AaABAg,n8iP75gIpmw,UCi1b_TRQfgO1Z9O2gNGGWNA,1,1
Ugz8BbgcucTeHAjfvqJ4AaABAg,n8iP75gIpmw,UCpl8rF8uv_8uui-QRvuJaRA,1,1
Ugz8fJcHTKHoEWJPwWt4AaABAg,j43HgwYFKfk,UClhMWQ7XKWywYvbRnuf8QsA,2,2
Ugz8hBV9j2KQGtMhPUR4AaABAg,is3Mk5oC19g,UC4kg7zuTfqQKLd2bkZrSYBA,10,10
Ugz8pKFUmjVv-zF8lvJ4AaABAg,n8iP75gIpmw,UCOLGv5Pf6BF2wFcwUzgcvHg,1,1
UgzBnKyfiTTp9djPTh54AaABAg,OkXlHx0hx-8,UCbNanjFI51cwGqMAb2rOrBw,6,6
UgzBpiHQkRpqfeyCDwd4AaABAg,n8iP75gIpmw,UC2weSE8rpqkGMOp6StYtVfg,1,1
UgzDFSLs4n_6XtQjgjZ4AaABAg,lj983NWyAQY,UCyzf29IYjNw67gGIfsjgtxA,5,5
UgzDK8qo7Il1yafNllJ4AaABAg,PjmxCj-a9Hg,UCzZ6dDCEsLMXbc5pCFXIprw,7,7
UgzESrzC3abcN60poBF4AaABAg,lj983NWyAQY,UCaT6M2zp7X6r6Whd8Vv3kHQ,5,5
UgzFOdujc0-cy9W1Uv14AaABAg,n8iP75gIpmw,UC3NMzdMYryaw82kPTnsaljg,1,1
UgzGYzecKVZyDzajKPV4AaABAg,n8iP75gIpmw,UCLggDc_a5HriXv7I1h02sOA,1,1
UgzH_SOr2gGO_dDna5J4AaABAg,n8iP75gIpmw,UCSou6a2OuYGSvPjm5psquyA,1,1
UgzJ85lM1ogkB4KOk2d4AaABAg,PjmxCj-a9Hg,UCtNyHmRZtvGF2hSvI2dUBWw,7,7
UgzKcy6Zr6Ele2EAo6J4AaABAg,lj983NWyAQY,UCGqKxQS-z3NZzZF-2w338AA,5,5
UgzL_lyzP1gwPdnVQ3Z4AaABAg,yLZS3JiEBg8,UCXO1BBohNWXkK9SBDAG2ySg,3,3
UgzMXsCXt9Lh-tk3fZd4AaABAg,6W4u8sGEnGM,UChyps3dqY-VY1_wLeq-2lhw,4,4
UgzMXsCXt9Lh-tk3fZd4AaABAg.A_zGMKwFBhPA_zWhjiGKb7,6W4u8sGEnGM,UCyJhqmMbsvjpoarBBStA2kg,4,4
UgzM_dw7xZDkJJ8eYQ94AaABAg,n8iP75gIpmw,UCXgr7vXlRrsaskPdo097kGA,1,1
UgzMppllQcjsXkBLgiZ4AaABAg,n8iP75gIpmw,UCylqlpsh8ENNM1LqgQ1KbxA,1,2
UgzOB-KAGGElQGAPxEZ4AaABAg,n8iP75gIpmw,UC4cXueR2bKGFJV0Fk76gwmA,1,1
UgzOGr7KGQ9pa-CJdgN4AaABAg,n8iP75gIpmw,UCNBnKqWf4d-rS4HwJRQljmQ,1,1
UgzOYjc2Ii04ZArW7vF4AaABAg,n8iP75gIpmw,UCmvOgzmmXbjUthHy-WJ52hQ,1,1
UgzOeIbOqa0dhaWyj_B4AaABAg,s0eco-BofOs,UC6xI_MOaxajIWpoP8BH6E_Q,17,17
UgzPExq20lnf7-8d7_p4AaABAg,lj983NWyAQY,UCtMBF_1O2jY2INlb_luuB_A,5,5
UgzQTWwjC_XVPUNxuXp4AaABAg,OkXlHx0hx-8,UCrqXyRsg-_hTosURZ-uvoKg,6,6
UgzRlz8OqalaHh8EnUl4AaABAg,OkXlHx0hx-8,UCGZMgmM92E3njyXNe9-kjAQ,6,6
UgzRlz8OqalaHh8EnUl4AaABAg.Aa9hqaKl_ywAaB_OUjpKKh,OkXlHx0hx-8,UCi2KiZq63sRq8Mfbcp-MelQ,6,6
UgzRyWsi9Ed1wsXKgwd4AaABAg,yLZS3JiEBg8,UCOY3XpD9qMCRSA8AA8c4CAw,3,3
UgzSjpcAY2zvJ6i-poh4AaABAg,is3Mk5oC19g,UCfRqgt2O-vjzUDMZY_tnxQw,10,10
UgzSu6dFpC7PrEYl7AF4AaABAg,n8iP75gIpmw,UC9vMq1YF-e7C-VO0SHkbUTA,1,1
UgzT_1dx4pvgJTFMsnZ4AaABAg,6W4u8sGEnGM,UCp29O_C7cchZV8IxV7Crdag,4,4
UgzTqBd3og9IPuVu3o94AaABAg,n8iP75gIpmw,UCrJn_rbo_ENAdeqneS-RmRw,1,1
UgzU2eLo006-Cz6rYLZ4AaABAg,ndAZjHqzzT8,UCjJf-AJKRFFWtiN-CSwkDmA,3,3
UgzVRaRar_M-cPPi92x4AaABAg,is3Mk5oC19g,UCBtB5dIyx-C16UN8ClUD2UA,10,10
UgzVSZ19e2Cc28bFi-94AaABAg,n8iP75gIpmw,UCDUffaruH6dyUnUGwsTKpgg,1,1
UgzVsPOuFAogocL8wKB4AaABAg,6W4u8sGEnGM,UCgGqw4aqMdMVSGkKiMgrJRQ,4,4
UgzWNBqTQMz8ba4pbUd4AaABAg,j43HgwYFKfk,UC32oozucwCF3q8d4m8fyOUg,2,2
UgzWNJK42U_F1IKlwwh4AaABAg,n8iP75gIpmw,UCvApqeCbLod-wejtT4CcVuA,1,1
UgzWs20muY6Ghm9Z7094AaABAg,JkpVO1hx2f8,UCHGd14aYuZZShLD73dkk6mg,12,12
UgzXDN6uNEworKy3uqZ4AaABAg,n8iP75gIpmw,UCiMythXHsw7eQEMykCdmMUA,1,1
UgzYz6n8mPI0dBWsP2h4AaABAg,j43HgwYFKfk,UC-fiZBS5Gp1eCJd9ucgWnCg,2,2
UgzZMPOIKJlwEpgh7zd4AaABAg,b_Hkrkl3adA,UC5PrBbmUlQolwqmiru7yZhw,9,9
UgzZMPOIKJlwEpgh7zd4AaABAg.AaB6SZj2UadAaBRkGrUAJI,b_Hkrkl3adA,UC094EFEmMSdwVa8NQjjYBXg,9,9
UgzZMPOIKJlwEpgh7zd4AaABAg.AaB6SZj2UadAaCH5adXxCo,b_Hkrkl3adA,UCGm3gRBEHGRJYmtCryZLtDw,9,9
UgzZc-W-gVj1t4SXc-54AaABAg,lj983NWyAQY,UCwUAv3_LpWVtTIi7lkmTL7A,5,5
UgzaTUgOy4ekC0xQoFt4AaABAg,n8iP75gIpmw,UC5H8ASmMC9WrURmzeB4ySog,1,1
UgzaWev1Ju6338Y7Ehl4AaABAg,ndAZjHqzzT8,UC5wuDq3U3vRAhOQI3D7gNdw,3,3
UgzaWev1Ju6338Y7Ehl4AaABAg.A3Wof66r37mA3WrEtkJyep,ndAZjHqzzT8,UCvcu1kR8xMYy_I1Ty-2mV2Q,3,3
Ugzb66mq9Rv0T7aalfJ4AaABAg,n8iP75gIpmw,UCXXh7yg5KUFIWylTiKVEFKQ,1,1
UgzcJTEHjaN8bEV8Hfd4AaABAg,n8iP75gIpmw,UC3XTwHxygNCgjndsg-UiCQA,1,1
UgzcVyiuFGJ0Yv0C4Zt4AaABAg,n8iP75gIpmw,UCsJJAvrVGupdmhOqgtDp8dg,1,1
Ugzd2CVlJWOmHWBPSkN4AaABAg,n8iP75gIpmw,UCQ_-LPP8JAbfkc-b1Q6NvWw,1,1
UgzeCbhVJhOJATewi5J4AaABAg,n8iP75gIpmw,UCtNfIBnc5S5DbbQj_yxgJTw,1,1
UgzfLTatI6lJD6Z_u_94AaABAg,6W4u8sGEnGM,UC-Iul5tDYH_oiAMXQH-KaaQ,4,4
UgzfXuFsM8L3Qt6qWJV4AaABAg,WIUZtitfLRw,UCyW68EGZey4ao_Vf2cR5Ztg,3,3
Ugzfc9D5wlSKYgY5Jrh4AaABAg,OkXlHx0hx-8,UCZjm6U576nX8WOiLhmMR3bw,6,6
Ugzfc9D5wlSKYgY5Jrh4AaABAg.Aa9bbFyRF_AAaB_C3DtL_L,OkXlHx0hx-8,UCi2KiZq63sRq8Mfbcp-MelQ,6,6
Ugzhc5zg6rDOR3ltTAZ4AaABAg,j43HgwYFKfk,UC_LYoGs5C3mbZKZuKuqYCvw,2,2
UgzhjFXjeUslGQMZ7KB4AaABAg,6W4u8sGEnGM,UCRfkkatKrNtAARnXMMYBGlA,4,4
UgzhtSisQXcyX7bqkzB4AaABAg,n8iP75gIpmw,UCA93ym2TXs_Ibyxb4Vcn-6Q,1,1
Ugzi82q6lRyjtKUL5lV4AaABAg,n8iP75gIpmw,UCAmtbUiIrUIhikru0ZoTFig,1,1
Ugzin8yr1Zz1k47GsSp4AaABAg,n8iP75gIpmw,UCr1emrogPKkKTs_WTtx71xg,1,1
UgzjFGboqNxQ7BcH0bZ4AaABAg,lj983NWyAQY,UCRznz9-N3Qc1w-qNdLSIY2Q,5,5
UgzjqVqTKYeOrM1kW0F4AaABAg,lj983NWyAQY,UCY7Hq7F9Lnucf-Yr6JkHZNw,5,5
Ugzk5XnOVKoVj8FiOCB4AaABAg,OkXlHx0hx-8,UC-QOpE7GOxlXcHZ8b7HbQKA,6,6
UgzlqevYeQWpdUl_KON4AaABAg,n8iP75gIpmw,UCjSKM9j0Q7HLDr1hD6D-TUw,1,1
Ugzm7wFhhdctNQt_ubl4AaABAg,06mFNPU0aB8,UCwCfs-2zbD5k0lG-UVg_JBw,8,8
UgzmBKXDgncBFsDjRwd4AaABAg,n8iP75gIpmw,UC72gBAtyb_VXQlYDcFrh6oQ,1,1
UgzmBVMoFVO53-_ZZ-54AaABAg,PjmxCj-a9Hg,UC8xlJWNHz1V_W6q3fbuQH8g,7,7
UgzpHaLJJjoD9FnKO6p4AaABAg,6W4u8sGEnGM,UCyJhqmMbsvjpoarBBStA2kg,4,4
UgzpdnDQDBV6UZ96GZh4AaABAg,PjmxCj-a9Hg,UCgQJgI9vu1FI2dnC9mrFthw,7,7
UgzpzyaFY6F6IdFxzk14AaABAg,n8iP75gIpmw,UCLFdHr9BEbXHkoJopbEPLZw,1,1
UgzrrbkpudLqNqr7s6R4AaABAg,n8iP75gIpmw,UCRETAiYdh2dL5ZxB0_N1zDA,1,1
Ugzs8eXa8mdQ8wlS4FZ4AaABAg,lj983NWyAQY,UCi-vPdnpQreC7BkFs40mJGA,5,5
UgztKpwRx20oET8wGLJ4AaABAg,PjmxCj-a9Hg,UCHTGCgY2l-DQJIvlA_cpa_Q,7,1
UgzuugQO6qMSbkVsdGp4AaABAg,PjmxCj-a9Hg,UCtNyHmRZtvGF2hSvI2dUBWw,7,7
UgzvKLXKEkVzjn_XRHp4AaABAg,n8iP75gIpmw,UCsjs5Hp_r86x1xbK6FAeqaA,1,1
UgzwvEpQc3M_AWvNDad4AaABAg,lj983NWyAQY,UCRcSR3Lvn9DZAmJpVPANfZQ,5,5
Ugzx7TTfRu5S-pT0LuZ4AaABAg,n8iP75gIpmw,UCz3gu01bmjNv0DpRq-K3XYg,1,1
UgzxhrnRAMNePfy6u7J4AaABAg,PjmxCj-a9Hg,UCGX_UbAQOXGZknv5iqklwTA,7,7
UgzzpE27HS1dmWfyATJ4AaABAg,n8iP75gIpmw,UC-hfX8J5JPJ-dfuakzegMLA,1,1
