node_id,label,comment_count,videos_commented,channels_commented,betweenness,pagerank,articulacion
author::UC-HeUTT6_g-VoiWds2a4H-w,@JorgeMunoz-gd9et,1,1.0,1.0,0.0,0.0012314659094801786,False
author::UC-Iul5tDYH_oiAMXQH-KaaQ,@AlbertoMancilla-p9h,1,1.0,1.0,0.0,0.0012314659094801786,False
author::UC-QOpE7GOxlXcHZ8b7HbQKA,@mariaalexander427,2,1.0,1.0,0.0,0.0021339647774481214,False
author::UC-fiZBS5Gp1eCJd9ucgWnCg,@Tommii.10,1,1.0,1.0,0.0,0.0015012876402744307,False
author::UC-hfX8J5JPJ-dfuakzegMLA,@normaleticiaorozcojuarez2418,1,1.0,1.0,0.0,0.0013102170967186151,False
author::UC-jS_kA9w-OmpupXDx156Rg,@simoncreyesc7579,1,1.0,1.0,0.0,0.0013102170967186151,False
author::UC-pNP6RMFuLg_-x7Ah_0kEA,@almacatalan2717,1,1.0,1.0,0.0,0.0013102170967186151,False
author::UC094EFEmMSdwVa8NQjjYBXg,@CelestinoQuej-j7k,1,1.0,1.0,0.0,0.001594478004275582,False
author::UC0HvfEWozTHbwl_iEmJNvVA,@OttoPalencia-b7r,1,1.0,1.0,0.0,0.0012314659094801786,False
author::UC0RpuMwkDKJYqgKHtsJRuWQ,@sabinamarinaguerra3248,1,1.0,1.0,0.0,0.0015921333404745244,False
author::UC0aEyakBPqcBkVJiErfSupQ,@jhonymanuel9891,1,1.0,1.0,0.0,0.0015921333404745244,False
author::UC14qlobYKqD-DO0j6b75lcA,@megavision4488,1,1.0,1.0,0.0,0.0012314659094801786,False
author::UC1DpqK6vaPEkBOMNvypsKYg,@HectorCarranza-u4j4o,1,1.0,1.0,0.0,0.0015012876402744307,False
author::UC1NiEdJ7gk6FlDexIalWnGg,@BorisTebalán,1,1.0,1.0,0.0,0.0012314659094801786,False
author::UC1WlJfQmaIskYhP4gmWoamw,@marthareiss5434,1,1.0,1.0,0.0,0.0012806576023992745,False
author::UC1Y7x3h0c95Z8kUhi-Tzaeg,@rosadiaz9235,1,1.0,1.0,0.0,0.0012735810348890395,False
author::UC1vr9aaMI2crB0NvwFHUeoQ,@JoseSimilox-p6e,1,1.0,1.0,0.0,0.0013102170967186151,False
author::UC2Y_EHWQKevubk4vOEBBFxw,@alfonsomorales2653,1,1.0,1.0,0.0,0.0013102170967186151,False
author::UC2ngpd8UBQu4gcUYy0goAtg,@juliohernandez7438,1,1.0,1.0,0.0,0.0014900677837631294,False
author::UC2weSE8rpqkGMOp6StYtVfg,@katerynsantiago2907,1,1.0,1.0,0.0,0.0013102170967186151,False
author::UC32oozucwCF3q8d4m8fyOUg,@RauldejesusOlivagonzalez,1,1.0,1.0,0.0,0.0015012876402744307,False
author::UC3E9mAgP7VoAE5mZoAexl5g,@EnnioAroche,1,1.0,1.0,0.0,0.0013102170967186151,False
author::UC3MYTqpQqlWBuCB7Th0e0PA,@isaaclopez7220,1,1.0,1.0,0.0,0.0013102170967186151,False
author::UC3NMzdMYryaw82kPTnsaljg,@marisosa7832,1,1.0,1.0,0.0,0.0013102170967186151,False
author::UC3UVO7pTbeYvZ3ILEyRDskQ,@rosaelenaargueta79,1,1.0,1.0,0.0,0.0015012876402744307,False
author::UC3XTwHxygNCgjndsg-UiCQA,@marioajset4283,3,1.0,1.0,0.0,0.0030759504354549907,False
author::UC3YpzAr7pcdKC7BVFEpYzog,@carmenfigueroa1232,1,1.0,1.0,0.0,0.0012314659094801786,False
author::UC3iIU62XKUOWuqL8BqBzj9A,@antonioduarte2288,1,1.0,1.0,0.0,0.001594478004275582,False
author::UC3qn1yJA5PeW9rkGPatQxiw,@VICTOREST19,1,1.0,1.0,0.0,0.0013102170967186151,False
author::UC4Avya4kmR4Q0FrfFdBozSQ,@davidlima1348,1,1.0,1.0,0.0,0.0015012876402744307,False
author::UC4cXueR2bKGFJV0Fk76gwmA,@aluxdel4792,1,1.0,1.0,0.0,0.0013102170967186151,False
author::UC4kg7zuTfqQKLd2bkZrSYBA,@zoilagarcia9019,1,1.0,1.0,0.0,0.0016244245455000741,False
author::UC4wq3DcbfaG6dtCqn8Oyu3w,@hugoasencio7764,1,1.0,1.0,0.0,0.0013102170967186151,False
author::UC5H8ASmMC9WrURmzeB4ySog,@ManuelEdran,5,1.0,1.0,0.0,0.004841683774191366,False
author::UC5PrBbmUlQolwqmiru7yZhw,@lazarochavez8269,1,1.0,1.0,0.0,0.001594478004275582,False
author::UC5PyGvSfFM--OVKmQ3COu6g,@FreddyGmez,1,1.0,1.0,0.0,0.0015921333404745244,False
author::UC5bG9nc_JV3FsNP2KseQiYw,@giovannirodas4836,1,1.0,1.0,0.0,0.0013102170967186151,False
author::UC5fvhAfm89JH8eDFdvc0xYw,@isaidiaz2388,1,1.0,1.0,0.0,0.0015921333404745244,False
author::UC5hvEnRUzI4Kfvwnyi4QxqQ,@leonelsantizo5281,1,1.0,1.0,0.0,0.0015012876402744307,False
author::UC5wuDq3U3vRAhOQI3D7gNdw,@allanreneramirezgonzalez534,1,1.0,1.0,0.0,0.0013678165077211386,False
author::UC63tFvbQ_hJhGDi2nbjssjw,@AbigailRodas-w2r,1,1.0,1.0,0.0,0.0012314659094801786,False
author::UC650pRT-OYzny3GwOH8Cgfw,@edvinparedesherrera7632,1,1.0,1.0,0.0,0.0013102170967186151,False
author::UC6PvO1_k5lHKGdAPo5_C6TA,@johnmejia992,1,1.0,1.0,0.0,0.0013102170967186151,False
author::UC6Uj1FT5JjDSF8vudvDxPAA,@alfredoortega9264,1,1.0,1.0,0.0,0.0015012876402744307,False
author::UC6YSZqL0vEcI-niPKIMUGfw,@maxwellsales885,1,1.0,1.0,0.0,0.0013102170967186151,False
author::UC6xI_MOaxajIWpoP8BH6E_Q,@jahirdiaz5862,1,1.0,1.0,0.0,0.002849002849002849,False
author::UC72gBAtyb_VXQlYDcFrh6oQ,@osmanmorales3012,3,1.0,1.0,0.0,0.0030759504354549907,False
author::UC7IMsCxfZyWN7YQo8-JYa6Q,@Burgos68,2,1.0,1.0,0.0,0.0021198116424276515,False
author::UC7VUuJr9cGh845CmTvf7TlQ,@LuisCastillo-oz4df,1,1.0,1.0,0.0,0.0013102170967186151,False
author::UC7dadZG7kkGYnsNu6td0FbA,@lesolorzano,1,1.0,1.0,0.0,0.0015012876402744307,False
author::UC816IGbFCZinfYS1LRDaaHg,@ingenieroar,1,1.0,1.0,0.0,0.0015012876402744307,False
author::UC8F2V63KZ4ZEay6opX2hAQw,@carmenr6311,1,1.0,1.0,0.0,0.0013102170967186151,False
author::UC8G5cJONY8L9voMyBW8Eoug,@luisparedes-pw6qt,1,1.0,1.0,0.0,0.0013102170967186151,False
author::UC8r11yOugM2NuRfitQOxLLg,@cesaraugustomoralesmonroy6907,1,1.0,1.0,0.0,0.0013102170967186151,False
author::UC8xlJWNHz1V_W6q3fbuQH8g,@NormaLópez-v7e,1,1.0,1.0,0.0,0.0012735810348890395,False
author::UC95PSMouTx2N5CbSq0hIyrQ,@lisss1908,1,1.0,1.0,0.0,0.0015012876402744307,False
author::UC9Wp6vL5oCU37qC3Aj94WZA,@ManuelSanchez-b8q2z,1,1.0,1.0,0.0,0.001594478004275582,False
author::UC9vMq1YF-e7C-VO0SHkbUTA,@ErvinLeonardoCarreraLatín,4,1.0,1.0,0.0,0.003958817104823178,False
author::UC9xr9QvIcDvoZNUX5f-jaZw,@MariaaliciaColonmorales,1,1.0,1.0,0.0,0.0013102170967186151,False
author::UCA93ym2TXs_Ibyxb4Vcn-6Q,@oswaldosolis8728,1,1.0,1.0,0.0,0.0013102170967186151,False
author::UCAKuKvcbfnBD3kF5njNu-IA,@melvinlopez7096,1,1.0,1.0,0.0,0.0015012876402744307,False
author::UCAV7QIjYhbDJaycQycM_0eQ,@mariavail8998,1,1.0,1.0,0.0,0.0012735810348890395,False
author::UCAlzM_N6xBlMYmM8EBzX86Q,@carlossoto3252,1,1.0,1.0,0.0,0.0013102170967186151,False
author::UCAmtbUiIrUIhikru0ZoTFig,@Aura-vf6dm,1,1.0,1.0,0.0,0.0013102170967186151,False
author::UCAxvOOHQk7dYPOajzFEVtbA,@ruddydepaz322,2,1.0,1.0,0.0,0.0025527851401758316,False
author::UCB5p8a5gklc80jJItP6xTHg,@ernestogamboa8737,1,1.0,1.0,0.0,0.0013102170967186151,False
author::UCBlm80VQ4YoV3bUJR_XhkaQ,@rosadiaz6945,2,1.0,1.0,0.0,0.0021339647774481214,False
author::UCBtB5dIyx-C16UN8ClUD2UA,@alexmonzon4257,1,1.0,1.0,0.0,0.0016244245455000741,False
author::UCCBYcToQ2dwkd6TJh0FSyDg,@lidiarodriguez3493,1,1.0,1.0,0.0,0.0015012876402744307,False
author::UCCUmP4PlbwgikVFpYwbtRTg,@alhvi,1,1.0,1.0,0.0,0.0015133016567510666,False
author::UCCaYwkkbQGcvFoUmothVdQQ,@OsvaldoAguirre-l3i,1,1.0,1.0,0.0,0.0013102170967186151,False
author::UCDIMztpVm7G27qBuiWuT6oQ,@lizardomorataya8274,1,1.0,1.0,0.0,0.0013102170967186151,False
author::UCDPWkUX3sNNaCx-m1dV4glA,@hectoroliva949,1,1.0,1.0,0.0,0.0013102170967186151,False
author::UCDQaQv0hr2SS_PO-CMEwVHg,@federicosaquimux1933,1,1.0,1.0,0.0,0.0013102170967186151,False
author::UCDUffaruH6dyUnUGwsTKpgg,@luisletona2842,1,1.0,1.0,0.0,0.0013102170967186151,False
author::UCDftMWXQoJ6nONfY7GVOVjg,@luisgpacheco5858,1,1.0,1.0,0.0,0.0013102170967186151,False
author::UCDlr1VadSucIZgZ171pRBjQ,@cuabatzjj5924,1,1.0,1.0,0.0,0.0013102170967186151,False
author::UCDrmf9y9nLgFY5wnA2hTuGA,@laboratorio5528,1,1.0,1.0,0.0,0.0015012876402744307,False
author::UCEHXl4VvvVpq-_4xC5tsbhg,@anibalg47,1,1.0,1.0,0.0,0.0012314659094801786,False
author::UCEgEQmRbtL5fwr9_DqAC--g,@ArielRodas-g5y,1,1.0,1.0,0.0,0.0013102170967186151,False
author::UCErZPJpHmLCsXs8ZWkAUupQ,@dorisl.garciaroche7763,1,1.0,1.0,0.0,0.0013102170967186151,False
author::UCFFrEmn6lPYiWyElpfzTy5Q,@denilsonlopez4083,1,1.0,1.0,0.0,0.0016244245455000741,False
author::UCFOxCyF926Y9eHhMeVoWLzw,@arielsarc09,1,1.0,1.0,0.0,0.0015921333404745244,False
author::UCFUuDARXdmmIrLppEqf-rFg,@allanmunoz7410,1,1.0,1.0,0.0,0.0013102170967186151,False
author::UCFhxtoeARHPnXXPcDrOU3Xg,@diegoalejandrolopezmendez205,1,1.0,1.0,0.0,0.0013102170967186151,False
author::UCFjudnPLoaSL1BaRuLahyHg,@HaroldoCastillo-rh9iw,3,1.0,1.0,0.0,0.0030759504354549907,False
author::UCFoIAE8k82D6AV-8gjjKaNg,@eddymunoz9789,1,1.0,1.0,0.0,0.0013102170967186151,False
author::UCFxE8GbokBrBsPEKM1xrOjQ,@JuanDavila-qd7qj,1,1.0,1.0,0.0,0.0013102170967186151,False
author::UCFybmWapGvBKcQod7cPPH9w,@vitalianochavez8382,1,1.0,1.0,0.0,0.0012314659094801786,False
author::UCGGHbtfbbe0o68etrOf0qxw,@karensussetteleonvargas9794,1,1.0,1.0,0.0,0.0015012876402744307,False
author::UCGX_UbAQOXGZknv5iqklwTA,@ronaldgarcia8522,1,1.0,1.0,0.0,0.0012735810348890395,False
author::UCGZMgmM92E3njyXNe9-kjAQ,@pasionpornada,1,1.0,1.0,0.0,0.0012806576023992745,False
author::UCGj2v6Gl5bN8NSrzJMXS-CA,@juliogutierrez492,1,1.0,1.0,0.0,0.0015691590271952158,False
author::UCGm3gRBEHGRJYmtCryZLtDw,@JoséLopez-g6k,1,1.0,1.0,0.0,0.001594478004275582,False
author::UCGqKxQS-z3NZzZF-2w338AA,@samuelaguilar529,1,1.0,1.0,0.0,0.0015921333404745244,False
author::UCGzXwyCzMzGmjmCbH3Hg01Q,@FidelZacarias-ph7dy,1,1.0,1.0,0.0,0.0013102170967186151,False
author::UCHGd14aYuZZShLD73dkk6mg,@noemiherrera3152,1,1.0,1.0,0.0,0.0019761768014137345,False
author::UCHMQ_lDhibZ-XZ_3fo6oxwg,@crislexrubi4387,1,1.0,1.0,0.0,0.0015921333404745244,False
author::UCHTGCgY2l-DQJIvlA_cpa_Q,@virgiliogarcia3039,3,2.0,2.0,0.23158411788784283,0.003039314373625415,True
author::UCHbwIx9pmQuf7i-4_xO2EpA,@caminoseternos752,1,1.0,1.0,0.0,0.0015012876402744307,False
author::UCHhHUjaMAZ8SiXdCUCj9DkQ,@fredymendez1786,2,1.0,1.0,0.0,0.0021930837660868027,False
author::UCHu8x4MVkayU6VgwVKd--MQ,@Hernandez-i1o,1,1.0,1.0,0.0,0.001594478004275582,False
author::UCIUhbSCy3-SGRe5UtqM4fzQ,@jeanmorales1677,1,1.0,1.0,0.0,0.0015921333404745244,False
author::UCIXLDYqR_syskKRJy_x9W9Q,@carlitosramirez4739,1,1.0,1.0,0.0,0.0014900677837631294,False
author::UCIgoiXdIKJyUGmUoH2Lxdzg,@susievidal4134,1,1.0,1.0,0.0,0.0012806576023992745,False
author::UCIp19h9igblA2YKfSLPDAug,@JoseReyes-rn6sh,1,1.0,1.0,0.0,0.0015921333404745244,False
author::UCJp3OrVYcBorC94sKwdch_A,@ULJoshmg2011,1,1.0,1.0,0.0,0.0013678165077211386,False
author::UCJxJC56BSAX-ArD0NAb9qnQ,@alfonsowilian9157,1,1.0,1.0,0.0,0.002194383313311013,False
author::UCKDR0f2fu2UzWL8mBv5-BHw,@mireyamorales6595,1,1.0,1.0,0.0,0.0013102170967186151,False
author::UCKVzDUqbtdSMBcexaEtMmzQ,@rotorairgroup8409,1,1.0,1.0,0.0,0.0018670735454650957,False
author::UCL13XhnRzbGokEkCkEOb0-g,@raquelprado3643,2,1.0,1.0,0.0,0.0021930837660868027,False
author::UCL1MT278vSaQ83ZDkVWn1gw,@elmorodriguez6978,1,1.0,1.0,0.0,0.0013102170967186151,False
author::UCLFdHr9BEbXHkoJopbEPLZw,@kanterra4584,2,1.0,1.0,0.0,0.0021930837660868027,False
author::UCLXYp1Cvc5DLtq5UQL5D9vw,@jorgecifuentes-m5g,1,1.0,1.0,0.0,0.0014900677837631294,False
author::UCLggDc_a5HriXv7I1h02sOA,@guillermogonzalez5153,2,1.0,1.0,0.0,0.0021930837660868027,False
author::UCLh1Kde4_vI1sTZBkTNP7RQ,@JoelReynoso-d4r,1,1.0,1.0,0.0,0.0016244245455000741,False
author::UCN2N_wYOw6fMwCeSzdXLPIw,@danielantoniogonzalezflore4901,1,1.0,1.0,0.0,0.0012735810348890395,False
author::UCN6qbfPSzFtjhqUDZ3Cv3CQ,@carlosmedranovelasquez6380,1,1.0,1.0,0.0,0.0013102170967186151,False
author::UCNBnKqWf4d-rS4HwJRQljmQ,@LE_A22,2,1.0,1.0,0.0,0.0021930837660868027,False
author::UCNIeXbV_mEwpa412h1aqUWw,@juandeleon9060,3,1.0,1.0,0.0,0.0029660422499662637,False
author::UCNiMNUJvaRJb0_QLClqwVnA,@Santiago.Nolasco,1,1.0,1.0,0.0,0.0018670735454650957,False
author::UCNkcuy42zEwddwEcOd_HpnA,@vanigomez492,1,1.0,1.0,0.0,0.0013102170967186151,False
author::UCNpt5CQlTzNjlAKY6CJtClQ,@eustaquiogomez9975,1,1.0,1.0,0.0,0.0015012876402744307,False
author::UCO0zwwLWGyDgQmWPJ5Qrr1w,@elsalvador3605,1,1.0,1.0,0.0,0.0014900677837631294,False
author::UCOARn3hnfkB7-_Rwa8Hoqcw,@nicelol5241,1,1.0,1.0,0.0,0.0015691590271952158,False
author::UCOLGv5Pf6BF2wFcwUzgcvHg,@welfrealdana5559,2,1.0,1.0,0.0,0.0021930837660868027,False
author::UCOLHH4ZpMxPYF-Q6e6wvn5A,@luisroldan7374,1,1.0,1.0,0.0,0.0012806576023992745,False
author::UCOS8ViEkccrTZx2w2ccxotA,@OscarHernandez-q8y,1,1.0,1.0,0.0,0.0013102170967186151,False
author::UCOY3XpD9qMCRSA8AA8c4CAw,@franciscorodas9686,1,1.0,1.0,0.0,0.0015133016567510666,False
author::UCOcUI5XkTYNMSFhZNMIPpGg,@hendersonlopez3864,1,1.0,1.0,0.0,0.0015012876402744307,False
author::UCOh6DaZC_x9HASnlRylEMfw,@AndresMedina-v1s,1,1.0,1.0,0.0,0.0013102170967186151,False
author::UCPLW0HE3siElqCgXfgWxMqg,@elizabethmonterroso7719,1,1.0,1.0,0.0,0.002849002849002849,False
author::UCPNXmbOBVeC4HS-xemvcPtQ,@BelkisRodriguezRamirez,1,1.0,1.0,0.0,0.0012806576023992745,False
author::UCPZueDLrCS4BmTBRMA4q0fA,@kevinochoa3695,1,1.0,1.0,0.0,0.0012735810348890395,False
author::UCQIdKuZ-OzuFqy0KjGrgesg,@lyacausa,1,1.0,1.0,0.0,0.0019761768014137345,False
author::UCQM2tCKRRytVDRxNUfCDqQQ,@elioelias7267,1,1.0,1.0,0.0,0.002849002849002849,False
author::UCQMMuADgqWUOcJpLwHOzC-g,@Ripped-Yoda,1,1.0,1.0,0.0,0.0012806576023992745,False
author::UCQ_-LPP8JAbfkc-b1Q6NvWw,@MegaKristenstewart,2,1.0,1.0,0.0,0.0021930837660868027,False
author::UCQgYjVngJRfPHDLGB5X6ZjA,@oscarnavas9996,1,1.0,1.0,0.0,0.0013102170967186151,False
author::UCQqetiwzzmRNTM5OWuXarGQ,@isaiaslopezvelasquez1539,1,1.0,1.0,0.0,0.0013102170967186151,False
author::UCQqlPPUGqAfWjd-FSh_qn7Q,@estuardoargueta137,1,1.0,1.0,0.0,0.0015012876402744307,False
author::UCQtICyzWmhC5woCtbNgaSmg,@nestormendez6216,2,1.0,1.0,0.0,0.0021930837660868027,False
author::UCQtSFINs1h6GHkpg9o5kMvg,@MacarioMartinezruiz,1,1.0,1.0,0.0,0.0013102170967186151,False
author::UCQyOePccUP-fIJYzchAgZYw,@aguilar4254,1,1.0,1.0,0.0,0.0015012876402744307,False
author::UCRAquv8el-tQ30bN7MlmySQ,@iamjimalesssa,1,1.0,1.0,0.0,0.0015012876402744307,False
author::UCRETAiYdh2dL5ZxB0_N1zDA,@Joseroland21,1,1.0,1.0,0.0,0.0013102170967186151,False
author::UCRcSR3Lvn9DZAmJpVPANfZQ,@WalksandSuch,1,1.0,1.0,0.0,0.0015921333404745244,False
author::UCRelkU8JiZBytTzebJxaa-w,@danyraymundo2942,1,1.0,1.0,0.0,0.0013102170967186151,False
author::UCRfkkatKrNtAARnXMMYBGlA,@BernerSoza-mg3vx,1,1.0,1.0,0.0,0.0012314659094801786,False
author::UCRlCV9zSn7avAWh-9_XFWqQ,@ronyarana8849,1,1.0,1.0,0.0,0.0013102170967186151,False
author::UCRvPToDkkumha7WJAfCDk1A,@ligiaguerra3057,1,1.0,1.0,0.0,0.0015012876402744307,False
author::UCRznz9-N3Qc1w-qNdLSIY2Q,@jimmygomez724,1,1.0,1.0,0.0,0.0015921333404745244,False
author::UCSTAUWVc1_82DHYeqOsqEFA,@TheAlexX_C,1,1.0,1.0,0.0,0.0015921333404745244,False
author::UCSou6a2OuYGSvPjm5psquyA,@FranciscoRivera-sf7ne,1,1.0,1.0,0.0,0.0013102170967186151,False
author::UCTD6q1nyIe3Y7HhqjaMj72w,@JuanChang-r6k,1,1.0,1.0,0.0,0.0013102170967186151,False
author::UCTP3O0rMnc8z8v8jaDQwL0w,@RobertoZelaya-x1v,1,1.0,1.0,0.0,0.0013102170967186151,False
author::UCTTILH6QCIxbTnEWxwRqs1g,@3762Jorge,1,1.0,1.0,0.0,0.0015133016567510666,False
author::UCThW2XNsAaBKme5PUt7n-Zg,@thelmamoran8565,1,1.0,1.0,0.0,0.0013102170967186151,False
author::UCTwSut16JyAg3mX6LVUNGqA,@SuperVictor2005,1,1.0,1.0,0.0,0.0013102170967186151,False
author::UCTylKrsqkrBKIqubMu_5N0Q,@edwingeovanymarroquinmarro6684,1,1.0,1.0,0.0,0.0013102170967186151,False
author::UCUIIIPTVDVHAXqhC_5V6lPA,@gorrarota,1,1.0,1.0,0.0,0.0013102170967186151,False
author::UCUoYsrx1oZnCZ0usbBJn4fA,@AnaDiaz-re9sq,1,1.0,1.0,0.0,0.0015012876402744307,False
author::UCV0iizTBoOfdAFX_thfI9BA,@BenjaminLarios-jd8nk,1,1.0,1.0,0.0,0.0013102170967186151,False
author::UCV0lM03g5fg5pbPj97-sAtA,@genarodelgado3929,1,1.0,1.0,0.0,0.0015012876402744307,False
author::UCV3fr-YOixFKCZBbJP1-X4w,@albertoshernandez5251,5,1.0,1.0,0.0,0.004447927837999184,False
author::UCVC2QugcI1G4RvlCiUqd1aQ,@rwdm76,2,1.0,1.0,0.0,0.0023082825880918496,False
author::UCVQf0tzL7xRzFJsABVVULpg,@DennisseLopetegi,1,1.0,1.0,0.0,0.0012735810348890395,False
author::UCVdjCrh4tQoX3haNAZv-n5A,@aurahernandez5646,1,1.0,1.0,0.0,0.0012806576023992745,False
author::UCVhif9eV0f8plICen2DnpKA,@blogarteplus,1,1.0,1.0,0.0,0.0015691590271952158,False
author::UCW-JC6lebVmf2P1dmY_L94g,@dinoraoroxon5771,1,1.0,1.0,0.0,0.0015012876402744307,False
author::UCW80DaMjQlEUibC98Cot-Dg,@rogeraldana4289,1,1.0,1.0,0.0,0.0015012876402744307,False
author::UCWIZUtKJ636y-4TYrNvok0g,@cesarandreas7824,1,1.0,1.0,0.0,0.0013102170967186151,False
author::UCWWkebAekppaL5b5CNlppuw,@ninettmartinez425,1,1.0,1.0,0.0,0.0019761768014137345,False
author::UCWaRixDdpgllTBf4V0jPnKQ,@hectormaaz5523,2,1.0,1.0,0.0,0.0020355813916099297,False
author::UCWoAVGVqCn4xtINCMOTM4jg,@OmarMartinez-vv8re,1,1.0,1.0,0.0,0.0015012876402744307,False
author::UCWvntqPQx99k_Z_skWKqNSA,@AntonioChiyal-x5s,1,1.0,1.0,0.0,0.0012314659094801786,False
author::UCXN2s7DwTJm33xO-pNkAdaA,@edithsan7688,1,1.0,1.0,0.0,0.0014900677837631294,False
author::UCXO1BBohNWXkK9SBDAG2ySg,@JBFlute92,1,1.0,1.0,0.0,0.0015133016567510666,False
author::UCXSkL3ejZ8qWYyF_M7s_QKA,@JacintaTzoy,1,1.0,1.0,0.0,0.0013102170967186151,False
author::UCXVLc8CmAO813ubM-fLvCDw,@herminiasaquimux7565,1,1.0,1.0,0.0,0.0015133016567510666,False
author::UCXXh7yg5KUFIWylTiKVEFKQ,@MrDuenderojo,2,1.0,1.0,0.0,0.0021930837660868027,False
author::UCXgr7vXlRrsaskPdo097kGA,@Rogergh-nw4oj,1,1.0,1.0,0.0,0.0013102170967186151,False
author::UCXl30Y_upRqbti52fmjK4YA,@capitanfrans,1,1.0,1.0,0.0,0.0015133016567510666,False
author::UCXmrpc6Li0spcKxtS0Q_ptg,@melvinperez6710,1,1.0,1.0,0.0,0.0015921333404745244,False
author::UCXr8_5WtGeipe4haOoQDgyQ,@amyherrera7352,1,1.0,1.0,0.0,0.0013102170967186151,False
author::UCY7Hq7F9Lnucf-Yr6JkHZNw,@maynorcalel1442,1,1.0,1.0,0.0,0.0015921333404745244,False
author::UCYN4wSQ1Sx4_LurxLlW7MPg,@belarminavillatoro6474,1,1.0,1.0,0.0,0.0013102170967186151,False
author::UCYwpX26TrCxq8TvbKGRYLXA,@beneficioelcaminovillacana8540,1,1.0,1.0,0.0,0.0013102170967186151,False
author::UCZ51R_9Q9C0c8I3pAWhtmjQ,@belvettzapeta1251,1,1.0,1.0,0.0,0.0013102170967186151,False
author::UCZFQwqh90apuL8eFhvRBkUg,@luisricardo9671,1,1.0,1.0,0.0,0.0012314659094801786,False
author::UCZIQnb1fkwe39Iw2TAu-bGA,@jorgegomez2237,1,1.0,1.0,0.0,0.0015691590271952158,False
author::UCZLG9qH0tUjNhEGFIUt0CYw,@SoniaMarroquin-y6e,1,1.0,1.0,0.0,0.0013102170967186151,False
author::UCZOmq6MwFDVoCaEl99BRRaw,@daniloarevalo3170,1,1.0,1.0,0.0,0.0013678165077211386,False
author::UCZeIIQrGAedW8tCbKWmGY-A,@mariocordon8873,1,1.0,1.0,0.0,0.0015012876402744307,False
author::UCZjm6U576nX8WOiLhmMR3bw,@MariaNavarroYT,1,1.0,1.0,0.0,0.0012806576023992745,False
author::UC_3xuTXvMIWU5MYP9HkJ3vQ,@Historia-wm4os,1,1.0,1.0,0.0,0.0014900677837631294,False
author::UC_6KbBY1bsYXz9fwFS0eQRg,@imrcp5694,1,1.0,1.0,0.0,0.0013678165077211386,False
author::UC_LYoGs5C3mbZKZuKuqYCvw,@javiercifuentesarchila6041,1,1.0,1.0,0.0,0.0015012876402744307,False
author::UC_NRVt2UP88ZNTwzrZ66JSg,@aditalissethevasquezrojas8039,1,1.0,1.0,0.0,0.002849002849002849,False
author::UC_ljZ1hZXR9pzexFz87P5ZA,@ChRiStOpHeR7969,1,1.0,1.0,0.0,0.0015921333404745244,False
author::UCa36MjQLoPAmgJo-R3G8WQA,@elsasalguero6914,1,1.0,1.0,0.0,0.0012314659094801786,False
author::UCaKAjTW9MVub_clgr4DRYjQ,@josecastillo4390,1,1.0,1.0,0.0,0.0015012876402744307,False
author::UCaT4saRcyqCLE657Rq2hhZQ,@elmilenial4064,1,1.0,1.0,0.0,0.0012314659094801786,False
author::UCaT6M2zp7X6r6Whd8Vv3kHQ,@alexarcos8349,1,1.0,1.0,0.0,0.0015921333404745244,False
author::UCat2qkYvqmtDNEmo2PVuhXw,@DoraSalas-j5o,1,1.0,1.0,0.0,0.0012806576023992745,False
author::UCbNanjFI51cwGqMAb2rOrBw,@RosaMontesdeOca777,1,1.0,1.0,0.0,0.0012806576023992745,False
author::UCbYoNG5J3Au5BqtbXogfEFw,@Luis-gn3fj,1,1.0,1.0,0.0,0.0012735810348890395,False
author::UCbrtvygfRT6QXqWDNrOf-cA,@Alejandro00710,2,2.0,1.0,0.0,0.0024537677371217776,False
author::UCcFIBN-rtC3d3hXeuN5TfWw,@DenisRMC,1,1.0,1.0,0.0,0.0015133016567510666,False
author::UCc_F88PzGWtA1OPNUEASulA,@rockyscarlet,1,1.0,1.0,0.0,0.0015133016567510666,False
author::UCcfdg8crmMJwEuLUsAhV7yg,@RolandoRaguay,1,1.0,1.0,0.0,0.0013102170967186151,False
author::UCdFlugHJJa4l3YqWuNRmvXw,@MarcosCarillo-b1r,2,2.0,2.0,0.03186246418338109,0.0026983617584240773,True
author::UCdQAuWwyC99MB7Y02Umj26Q,@miguelbran1268,1,1.0,1.0,0.0,0.0015133016567510666,False
author::UCe8JZoYkX5oKUZyivHYdXhw,@FernandoGarcia-jg1fj,1,1.0,1.0,0.0,0.0015012876402744307,False
author::UCeDNEtI8_a42bZ47wJiJMwQ,@EdgarcalderonCalderong,1,1.0,1.0,0.0,0.0015012876402744307,False
author::UCeQk-WfEA-cJRq4EKeE7TOw,@franciscojuarez9223,1,1.0,1.0,0.0,0.0012314659094801786,False
author::UCefAH1MbvADWUjE9WVcB9EQ,@jabriz8152,1,1.0,1.0,0.0,0.0015133016567510666,False
author::UCf5lnNZF7Qrtli9v4N_23WQ,@CarlosCortez-v5r,1,1.0,1.0,0.0,0.0012735810348890395,False
author::UCfM3nrxtTQMY5jFx1v1J4Gg,@edgarroldan5539,1,1.0,1.0,0.0,0.0013102170967186151,False
author::UCfRqgt2O-vjzUDMZY_tnxQw,@Williams-Garcia67E,1,1.0,1.0,0.0,0.0016244245455000741,False
author::UCfXykdbSU97rj987LDUGfvg,@MariaSantos-c8y3h,1,1.0,1.0,0.0,0.0014900677837631294,False
author::UCfjhejO7LZy4doXURa7LZCQ,@HonwayLee-z5g,1,1.0,1.0,0.0,0.0014900677837631294,False
author::UCfo_yUPzy1f1POwwZxhZ06Q,@lara11roberto,1,1.0,1.0,0.0,0.0012314659094801786,False
author::UCg3eIfd7BrsLEqS0BLkftHA,@ErmePérez-q4s,3,1.0,1.0,0.0,0.0029660422499662637,False
author::UCgGqw4aqMdMVSGkKiMgrJRQ,@pattyfigueroa5609,1,1.0,1.0,0.0,0.0012314659094801786,False
author::UCgJNFj5dnxXpcMvmuhZDPxA,@NataliaRodriguez-rx5mr,1,1.0,1.0,0.0,0.0015012876402744307,False
author::UCgLrWFdYitoP-b7-PxtUr-w,@zetag,1,1.0,1.0,0.0,0.0015921333404745244,False
author::UCgLurCo-e019HGODcjXHWCw,@perritojuega1,1,1.0,1.0,0.0,0.0015921333404745244,False
author::UCgQJgI9vu1FI2dnC9mrFthw,@srms70,1,1.0,1.0,0.0,0.0012735810348890395,False
author::UCgQw_Sbq3ugruDUKsq1e0-A,@marlenareano-h4t,1,1.0,1.0,0.0,0.0015012876402744307,False
author::UCgvw7xIdGFupzpt1Y_BFkEA,@fredygarcia9151,1,1.0,1.0,0.0,0.0013102170967186151,False
author::UCh5ESQvtzyHDhCA7XyekCFA,@andyB5280,3,1.0,1.0,0.0,0.0030759504354549907,False
author::UChT7pzGytNd92Nmvi-zuWog,@sparkvalkov,1,1.0,1.0,0.0,0.0015133016567510666,False
author::UChZknRmJkeGeQk0-mQuhDOg,@OdilioRodríguez-c5w,1,1.0,1.0,0.0,0.0013102170967186151,False
author::UCheEJ5GZuIvV0fj-nXyVwXw,@rosaoliva9389,1,1.0,1.0,0.0,0.0012314659094801786,False
author::UChep9kVb5gQmpodEEl10Xlg,@carlosaguilar-kz7ml,1,1.0,1.0,0.0,0.0013102170967186151,False
author::UChgkn5Jt5tWKYMoEOuCjz3Q,@pablochitay46,1,1.0,1.0,0.0,0.0013102170967186151,False
author::UChs3tU2BcKOT0CezykvAsGw,@byronpontaza,3,1.0,1.0,0.0,0.0030759504354549907,False
author::UChyps3dqY-VY1_wLeq-2lhw,@maydamorales4395,1,1.0,1.0,0.0,0.0012314659094801786,False
author::UCi-vPdnpQreC7BkFs40mJGA,@bryansicasales4280,1,1.0,1.0,0.0,0.0015921333404745244,False
author::UCi1b_TRQfgO1Z9O2gNGGWNA,@davidisraelesquitsaquil,2,1.0,1.0,0.0,0.0021930837660868027,False
author::UCi2KiZq63sRq8Mfbcp-MelQ,@eugeneramirez4405,6,1.0,1.0,0.0,0.0055471934776435096,False
author::UCiC-Jn7wdgyQV4_Urk0DkWQ,@pedroros6358,1,1.0,1.0,0.0,0.0015012876402744307,False
author::UCiGRBf2RNF0WRKhRVT7zFoA,@edwinavila4876,1,1.0,1.0,0.0,0.0013102170967186151,False
author::UCiMythXHsw7eQEMykCdmMUA,@JavierBecerra-h6x,1,1.0,1.0,0.0,0.0013102170967186151,False
author::UCiOZX__1gahg1ypIj0_XG_w,@mariogonzalezorellana8956,1,1.0,1.0,0.0,0.0012314659094801786,False
author::UCipetjeiWj4CZB6EbyYziZg,@OseasSamayoa-ol5rz,1,1.0,1.0,0.0,0.0013102170967186151,False
author::UCj-LL25XJnjxepPKCc3NGog,@anaaguirre8985,1,1.0,1.0,0.0,0.0013102170967186151,False
author::UCjJf-AJKRFFWtiN-CSwkDmA,@2jose82,1,1.0,1.0,0.0,0.0013678165077211386,False
author::UCjSKM9j0Q7HLDr1hD6D-TUw,@josehidalgo4875,1,1.0,1.0,0.0,0.0013102170967186151,False
author::UCjZgFEowMBrsjodqfovzdKw,@franciscoflores3120,2,2.0,2.0,0.05789602947196071,0.0022941832658928806,True
author::UCjmPuazZJzscrwvk0QR9RVw,@mynorrodas8591,1,1.0,1.0,0.0,0.0013102170967186151,False
author::UCk4O-J1BhoqPmig1KLGJePA,@lazarobarillas3575,1,1.0,1.0,0.0,0.0016244245455000741,False
author::UCkVtmkK07b2zaVVNssX4lOg,@HectorElias-u2l,1,1.0,1.0,0.0,0.0015012876402744307,False
author::UCkbsS_3D-pvg1iHOld9uvIg,@gonzalo6075,1,1.0,1.0,0.0,0.0015012876402744307,False
author::UCkd9W714-947dEE6ZOEBATA,@ARGELIATELON,2,1.0,1.0,0.0,0.0021930837660868027,False
author::UCkxdJ_yGN2gghOMo2ybQtXQ,@11223344An,1,1.0,1.0,0.0,0.0015133016567510666,False
author::UCl0ekS9Tt0jJGtOEM18S63w,@monkchapin,1,1.0,1.0,0.0,0.0013102170967186151,False
author::UCld2stqxaVSk0QdGncM224A,@sarahernandez3873,1,1.0,1.0,0.0,0.0018670735454650957,False
author::UClhMWQ7XKWywYvbRnuf8QsA,@EcPerez-zz9oh,1,1.0,1.0,0.0,0.0015012876402744307,False
author::UCljDbleJul41G1TzOjOZAVA,@hectorcarranza3777,1,1.0,1.0,0.0,0.0013102170967186151,False
author::UClqA491Xa5fQcXcJJa-vTWw,@AndresLemus-k2d,1,1.0,1.0,0.0,0.0015012876402744307,False
author::UClsrFGJKWPxxw7MiaEdKLXw,@ericapaz5406,1,1.0,1.0,0.0,0.0012735810348890395,False
author::UCmjppp6ujz3SAnULvP3sZMw,@marcomendez7509,1,1.0,1.0,0.0,0.0013102170967186151,False
author::UCmvOgzmmXbjUthHy-WJ52hQ,@mariorodas593,1,1.0,1.0,0.0,0.0013102170967186151,False
author::UCnU8wO1OurAmGstDw6VGjgQ,@cmorera21,1,1.0,1.0,0.0,0.0013678165077211386,False
author::UCoGdCoJg2Lh0OX_jv6cG16g,@Israel-u5i7i,2,1.0,1.0,0.0,0.0020355813916099297,False
author::UColMq7LmaoY3MT6aIDGrGvA,@quijotachapina1,1,1.0,1.0,0.0,0.0015012876402744307,False
author::UCozFYHN0e_-vlQbX3wQGOug,@jesusguzman2321,1,1.0,1.0,0.0,0.0012806576023992745,False
author::UCp29O_C7cchZV8IxV7Crdag,@robertoescobar5507,2,1.0,1.0,0.0,0.0020355813916099297,False
author::UCp4iw5_5SmV9VGTFSNVGOmQ,@CARLOSSTREMS51,1,1.0,1.0,0.0,0.0013102170967186151,False
author::UCpIdtvoFHVLGASGB5ySqIEA,@VidalVillatoro-p4w,1,1.0,1.0,0.0,0.0013102170967186151,False
author::UCp_dAUfv8i3LW3zWc24dLaQ,@MarioCortez-o6v,1,1.0,1.0,0.0,0.0012806576023992745,False
author::UCpe5jW3MIqkgTJ-PgkzvM6Q,@carloslam5333,1,1.0,1.0,0.0,0.0015012876402744307,False
author::UCpl8rF8uv_8uui-QRvuJaRA,@SergioGarcia-z9c,1,1.0,1.0,0.0,0.0013102170967186151,False
author::UCplrIQtaPj6au60_f2-mOYw,@romeolopezherrarte799,1,1.0,1.0,0.0,0.0013102170967186151,False
author::UCpsKOkt5iWTbenzeuq7dsmQ,@inge_vergueta,3,3.0,1.0,0.128923454768727,0.0033246203900133297,True
author::UCq3mDTTRZnUybct5M9OSXbg,@MacoMorales-i2i2d,1,1.0,1.0,0.0,0.0014900677837631294,False
author::UCqCrvuoJpC-aVb0f4logQRQ,@Lyrics_GT,1,1.0,1.0,0.0,0.0015012876402744307,False
author::UCqilIa8r7iek5sGYg_q6ofA,@rolandojuchuna484,1,1.0,1.0,0.0,0.0015921333404745244,False
author::UCql1n3Ey6ULMSOACjMe-fxQ,@RolandoGonzalez-o7g,1,1.0,1.0,0.0,0.0012314659094801786,False
author::UCr1emrogPKkKTs_WTtx71xg,@domingopeneleu6457,1,1.0,1.0,0.0,0.0013102170967186151,False
author::UCrJn_rbo_ENAdeqneS-RmRw,@josecarrera9623,2,1.0,1.0,0.0,0.0021930837660868027,False
author::UCrqXyRsg-_hTosURZ-uvoKg,@flornolberto2425,1,1.0,1.0,0.0,0.0012806576023992745,False
author::UCsGoJEvb-cFPZ2rWoJcXzEQ,@sergiohinestroza9709,1,1.0,1.0,0.0,0.0015012876402744307,False
author::UCsJJAvrVGupdmhOqgtDp8dg,@nestorlorenzana1168,1,1.0,1.0,0.0,0.0013102170967186151,False
author::UCsSXdJct-nsS8DsABoEsaYA,@IvánPérez-j4j,1,1.0,1.0,0.0,0.0013102170967186151,False
author::UCsUCN0Yq_UyTvKjOJLmNrnQ,@moisesvaldez4043,2,2.0,2.0,0.03186246418338109,0.0024773446736437695,True
author::UCs_5qeqdku9tGAq22y3OcuQ,@alexandrevasquez4135,1,1.0,1.0,0.0,0.0015921333404745244,False
author::UCsjs5Hp_r86x1xbK6FAeqaA,@alvaroesquivel563,1,1.0,1.0,0.0,0.0013102170967186151,False
author::UCtCtts20bW6F9CSohau51Iw,@carlosgranados9875,2,1.0,1.0,0.0,0.0020355813916099297,False
author::UCtMBF_1O2jY2INlb_luuB_A,@mynorgudiel8646,1,1.0,1.0,0.0,0.0015921333404745244,False
author::UCtNfIBnc5S5DbbQj_yxgJTw,@JosueRamirez-ey3ih,1,1.0,1.0,0.0,0.0013102170967186151,False
author::UCtNyHmRZtvGF2hSvI2dUBWw,@aureliomaldonado4793,2,1.0,1.0,0.0,0.0021198116424276515,False
author::UCtUR3_CAiE7fCoZHM6cMfyQ,@mdelcid01,1,1.0,1.0,0.0,0.0013102170967186151,False
author::UCtiHFjFu7d5v2XxHnKFUYig,@Paul-gf7ec,1,1.0,1.0,0.0,0.0012806576023992745,False
author::UCtowGNY2lnlg6O2CkwDgkLg,@taniagabrielacelis8434,1,1.0,1.0,0.0,0.0018670735454650957,False
author::UCtsxPYw8VUsH_FfnKg-0lmw,@AlejandroPérez-b6r,1,1.0,1.0,0.0,0.0012314659094801786,False
author::UCu8_3-Wg-YzNyvHYQDEscfw,@RolandoCastroPérez-d7y,1,1.0,1.0,0.0,0.0015012876402744307,False
author::UCuP4UK33HKtJE_S39ksmaTw,@herbertaguilar1387,1,1.0,1.0,0.0,0.0012735810348890395,False
author::UCuXmOjxC-htcprLgeVXz6Tg,@jorgeaguilar-bq3uj,1,1.0,1.0,0.0,0.0015012876402744307,False
author::UCueV9cTyTDwgQSec1x2dYgA,@fredydomingo7062,1,1.0,1.0,0.0,0.0013102170967186151,False
author::UCujPF2nBgsTD62nWE3lcpIg,@victorarturoruanobautista7588,1,1.0,1.0,0.0,0.0013102170967186151,False
author::UCusjriFsDHEc2AOjqk-p5ig,@pablobarrios7931,1,1.0,1.0,0.0,0.0012735810348890395,False
author::UCut6b9S98nv84cVX89PmKzA,@yeniferaguirre4498,2,1.0,1.0,0.0,0.0021930837660868027,False
author::UCvApqeCbLod-wejtT4CcVuA,@davidgaher9550,1,1.0,1.0,0.0,0.0013102170967186151,False
author::UCvDwJBBY1mHK70aTEYl6rsA,@cristianescobedo8296,1,1.0,1.0,0.0,0.0012314659094801786,False
author::UCvcu1kR8xMYy_I1Ty-2mV2Q,@hashojea7348,4,3.0,1.0,0.09200163733115023,0.004536042417337276,True
author::UCvl1tzQeBeGy6efPTRJXSCw,@RaulPerez-cw2vi,1,1.0,1.0,0.0,0.0014900677837631294,False
author::UCwCfs-2zbD5k0lG-UVg_JBw,@JessicaHuaz-96,1,1.0,1.0,0.0,0.0014900677837631294,False
author::UCwEe1RKlEv1UpNWmWYfSh4w,@marioramirez299,1,1.0,1.0,0.0,0.0015133016567510666,False
author::UCwO2SXr0ggzwg6QWWrr01nQ,@ricardofigueroa5720,1,1.0,1.0,0.0,0.0013102170967186151,False
author::UCwUAv3_LpWVtTIi7lkmTL7A,@kingr4706,1,1.0,1.0,0.0,0.0015921333404745244,False
author::UCwW2OFy95P7ZBkOPxWkpvYg,@TeresaLucero-b5o,2,1.0,1.0,0.0,0.0021930837660868027,False
author::UCwgCc9Jd_gG-uLE_SY-FfPg,@armindapenados2841,1,1.0,1.0,0.0,0.0015012876402744307,False
author::UCwha8rxULYMVtNwZWeSkE1A,@mariasamo8637,1,1.0,1.0,0.0,0.0013102170967186151,False
author::UCwjUvRseNtJoItylIyIez7Q,@Silviazea,1,1.0,1.0,0.0,0.0015012876402744307,False
author::UCwxoKK59nGCeBqB2sXfDBIw,@vic-bonivideos,1,1.0,1.0,0.0,0.0012314659094801786,False
author::UCxKR3RA8T-kxMgq_2WWhRcQ,@elenaluarca9377,1,1.0,1.0,0.0,0.0015921333404745244,False
author::UCxcoDvP-g2_KTZDmVZtvb3w,@angelmartinez9523,1,1.0,1.0,0.0,0.0015133016567510666,False
author::UCxff05WuyvwELNITi7bj7UA,@markoherrera,1,1.0,1.0,0.0,0.0013102170967186151,False
author::UCxhtlxPV8AYWaNNyU6S9H8Q,@WilR-s8r,1,1.0,1.0,0.0,0.0012806576023992745,False
author::UCyJhqmMbsvjpoarBBStA2kg,@Murmullodelbarrio,6,1.0,1.0,0.0,0.005252043320128934,False
author::UCySYJU5kUh7X8gVt9la2ISA,@dantesarti4351,1,1.0,1.0,0.0,0.0013102170967186151,False
author::UCyW68EGZey4ao_Vf2cR5Ztg,@ZabalaXabier,1,1.0,1.0,0.0,0.0015691590271952158,False
author::UCylqlpsh8ENNM1LqgQ1KbxA,@Jel.Awesh.M,3,2.0,1.0,0.17830536225951701,0.003458091522566622,False
author::UCyor0Mmm0ivLX2jIdyGp84Q,@MiguelJordan-n3g,1,1.0,1.0,0.0,0.002194383313311013,False
author::UCyzf29IYjNw67gGIfsjgtxA,@carlosoliva9249,1,1.0,1.0,0.0,0.0015921333404745244,False
author::UCz3gu01bmjNv0DpRq-K3XYg,@eusebiovasquez4385,2,1.0,1.0,0.0,0.0021930837660868027,False
author::UCzSfZlOVxBSs5ObD25ywxDQ,@GilmarMaldonado-q9m,1,1.0,1.0,0.0,0.0013102170967186151,False
author::UCzZ6dDCEsLMXbc5pCFXIprw,@josegil3813,2,2.0,1.0,0.17683176422431438,0.0020776965170187906,True
author::UCzoL2l5H5eVlorWGH8AZfAg,@jor77cas,1,1.0,1.0,0.0,0.0013102170967186151,False
